城市,环比,同比,平均,月份
北　　京,99.6,96.5,95.3,2508
唐　　山,99.4,93.8,92.9,2508
天　　津,99.5,98.2,97.9,2508
秦 皇 岛,99.6,94.7,93.6,2508
石 家 庄,99.5,96.7,96.5,2508
包　　头,99.1,94.2,93.8,2508
太　　原,99.7,101.0,101.1,2508
丹　　东,99.6,95.7,94.6,2508
呼和浩特,99.8,94.5,94.2,2508
锦　　州,99.8,96.5,95.7,2508
沈　　阳,100.2,99.8,98.0,2508
吉　　林,100.2,96.1,94.9,2508
大　　连,99.7,97.2,95.9,2508
牡 丹 江,99.8,96.4,94.2,2508
长　　春,99.8,96.5,96.0,2508
无　　锡,99.5,96.2,96.0,2508
哈 尔 滨,99.6,96.4,95.2,2508
徐　　州,99.8,95.9,94.7,2508
上　　海,100.4,105.9,105.8,2508
扬　　州,99.3,94.1,94.0,2508
南　　京,99.4,98.7,98.1,2508
温　　州,99.6,95.6,92.2,2508
杭　　州,100.4,102.6,100.6,2508
金　　华,99.9,96.2,92.6,2508
宁　　波,99.6,99.3,96.3,2508
蚌　　埠,99.7,95.5,94.4,2508
合　　肥,100.2,99.2,96.4,2508
安　　庆,99.8,96.3,94.8,2508
福　　州,100.0,97.0,94.2,2508
泉　　州,99.7,97.1,93.9,2508
厦　　门,99.5,98.7,95.4,2508
九　　江,99.8,97.1,94.8,2508
南　　昌,99.7,95.2,95.1,2508
赣　　州,99.5,98.5,96.1,2508
济　　南,99.4,96.3,95.1,2508
烟　　台,99.6,95.7,94.9,2508
青　　岛,99.7,98.5,96.7,2508
济　　宁,99.5,96.4,95.6,2508
郑　　州,99.6,96.5,95.8,2508
洛　　阳,99.6,96.0,94.7,2508
武　　汉,99.5,96.7,95.1,2508
平 顶 山,100.0,99.3,98.9,2508
长　　沙,99.7,98.1,95.6,2508
宜　　昌,100.4,99.7,97.1,2508
广　　州,99.8,95.7,93.8,2508
襄　　阳,100.0,95.9,94.9,2508
深　　圳,99.6,98.3,96.8,2508
岳　　阳,99.6,95.4,94.1,2508
南　　宁,100.3,99.5,96.2,2508
常　　德,99.6,96.1,94.0,2508
海　　口,100.0,95.5,95.7,2508
韶　　关,99.8,96.6,95.0,2508
重　　庆,99.3,97.6,96.1,2508
湛　　江,99.4,97.7,95.7,2508
成　　都,99.8,101.0,98.7,2508
惠　　州,99.1,96.7,95.1,2508
贵　　阳,99.4,96.3,95.6,2508
桂　　林,99.8,97.0,96.7,2508
昆　　明,99.7,94.6,92.7,2508
北　　海,99.5,94.0,93.8,2508
西　　安,99.4,95.3,97.1,2508
三　　亚,99.7,99.2,97.8,2508
兰　　州,99.6,95.9,93.4,2508
泸　　州,99.5,94.1,93.4,2508
西　　宁,100.1,96.2,95.0,2508
南　　充,99.7,97.7,97.2,2508
银　　川,99.8,97.2,96.3,2508
遵　　义,99.5,97.0,96.7,2508
乌鲁木齐,100.1,100.6,98.4,2508
大　　理,99.4,95.8,94.0,2508
北　　京,100.0,100.2,135.6,1808
唐　　山,102.9,109.6,118.0,1808
天　　津,100.2,101.6,130.6,1808
秦 皇 岛,102.8,110.7,122.9,1808
石 家 庄,100.9,106.5,130.9,1808
包　　头,102.5,111.8,113.6,1808
太　　原,101.9,109.5,119.9,1808
丹　　东,100.4,114.9,114.1,1808
呼和浩特,102.9,113.9,118.5,1808
锦　　州,100.6,105.8,102.3,1808
沈　　阳,101.1,111.0,124.5,1808
吉　　林,102.3,109.3,116.6,1808
大　　连,101.0,113.8,121.9,1808
牡 丹 江,101.3,109.2,111.4,1808
长　　春,100.8,110.8,120.9,1808
无　　锡,103.4,102.9,138.5,1808
哈 尔 滨,100.9,113.3,124.0,1808
扬　　州,101.2,109.0,129.8,1808
上　　海,100.1,99.8,144.9,1808
徐　　州,103.3,113.0,133.4,1808
南　　京,100.0,98.4,144.4,1808
温　　州,100.7,103.2,115.7,1808
杭　　州,100.6,101.9,136.0,1808
金　　华,101.1,106.9,124.7,1808
宁　　波,102.0,106.6,127.9,1808
蚌　　埠,101.8,102.3,121.2,1808
合　　肥,101.6,101.8,151.3,1808
安　　庆,101.9,105.8,117.3,1808
福　　州,102.2,103.5,133.3,1808
泉　　州,100.9,101.0,112.0,1808
厦　　门,99.9,100.3,152.7,1808
九　　江,101.5,106.1,127.1,1808
南　　昌,101.4,107.4,131.6,1808
赣　　州,102.0,103.8,121.0,1808
济　　南,102.8,110.2,134.8,1808
烟　　台,101.2,111.4,124.0,1808
青　　岛,101.6,110.1,128.3,1808
济　　宁,101.7,108.8,116.8,1808
郑　　州,101.5,106.7,138.8,1808
洛　　阳,100.7,105.2,118.2,1808
武　　汉,101.4,104.8,136.1,1808
平 顶 山,100.7,106.8,115.8,1808
长　　沙,102.0,110.3,138.2,1808
宜　　昌,101.2,110.1,124.3,1808
广　　州,100.9,103.3,144.0,1808
襄　　阳,102.9,108.6,116.2,1808
深　　圳,100.5,100.3,146.6,1808
岳　　阳,102.3,109.0,120.9,1808
南　　宁,101.7,107.4,130.4,1808
常　　德,102.7,106.4,116.3,1808
海　　口,100.9,121.4,134.0,1808
惠　　州,100.7,103.2,134.0,1808
重　　庆,101.0,109.0,127.3,1808
湛　　江,101.9,106.2,121.2,1808
成　　都,101.1,108.2,131.6,1808
韶　　关,101.4,104.9,121.0,1808
贵　　阳,101.8,112.5,126.2,1808
桂　　林,100.6,106.0,116.2,1808
昆　　明,101.5,115.9,126.2,1808
北　　海,103.1,109.1,126.8,1808
西　　安,103.0,113.5,134.6,1808
三　　亚,100.1,121.2,144.3,1808
兰　　州,101.2,107.8,115.3,1808
泸　　州,101.8,110.2,116.5,1808
西　　宁,101.5,109.0,112.9,1808
南　　充,102.6,113.1,120.8,1808
银　　川,101.7,109.0,112.1,1808
遵　　义,101.5,110.9,116.9,1808
乌鲁木齐,101.4,112.1,112.8,1808
大　　理,101.9,112.9,118.4,1808
北　　京,100.0,100.4,135.7,1809
唐　　山,101.4,111.4,119.6,1809
天　　津,100.3,101.9,131.0,1809
秦 皇 岛,101.9,113.2,125.3,1809
石 家 庄,101.1,107.5,132.4,1809
包　　头,100.5,112.0,114.2,1809
太　　原,101.0,110.0,121.1,1809
丹　　东,101.0,115.8,115.3,1809
呼和浩特,102.8,116.7,121.8,1809
锦　　州,101.9,107.4,104.2,1809
沈　　阳,101.3,111.7,126.1,1809
吉　　林,101.1,109.9,117.8,1809
大　　连,100.6,113.8,122.6,1809
牡 丹 江,101.5,110.9,113.1,1809
长　　春,100.2,110.2,121.2,1809
无　　锡,100.5,103.6,139.2,1809
哈 尔 滨,101.3,113.8,125.5,1809
扬　　州,101.4,110.3,131.6,1809
上　　海,99.9,99.8,144.7,1809
徐　　州,101.2,113.9,134.9,1809
南　　京,100.4,98.7,145.0,1809
温　　州,100.2,103.4,116.0,1809
杭　　州,100.2,102.4,136.3,1809
金　　华,99.9,106.5,124.5,1809
宁　　波,100.3,107.1,128.3,1809
蚌　　埠,101.8,104.3,123.3,1809
合　　肥,100.9,102.9,152.8,1809
安　　庆,101.6,106.5,119.1,1809
福　　州,101.1,105.1,134.7,1809
泉　　州,100.0,101.8,112.0,1809
厦　　门,100.0,100.5,152.7,1809
九　　江,100.7,107.0,128.0,1809
南　　昌,100.8,107.9,132.7,1809
赣　　州,101.1,104.7,122.3,1809
济　　南,101.3,112.3,136.6,1809
烟　　台,100.7,111.6,124.8,1809
青　　岛,100.4,110.4,128.8,1809
济　　宁,100.6,108.6,117.5,1809
郑　　州,100.4,107.3,139.4,1809
洛　　阳,101.8,106.9,120.3,1809
武　　汉,100.3,105.2,136.4,1809
平 顶 山,101.4,107.6,117.4,1809
长　　沙,100.6,110.9,139.0,1809
宜　　昌,101.3,111.5,125.9,1809
广　　州,100.4,104.3,144.7,1809
襄　　阳,100.6,108.7,116.8,1809
深　　圳,99.8,100.0,146.4,1809
岳　　阳,101.2,109.7,122.3,1809
南　　宁,100.4,107.6,131.0,1809
常　　德,101.4,107.5,117.9,1809
海　　口,100.3,121.7,134.5,1809
惠　　州,100.4,103.5,134.4,1809
重　　庆,101.1,110.0,128.7,1809
湛　　江,100.8,107.1,122.2,1809
成　　都,100.7,108.9,132.5,1809
韶　　关,100.6,105.1,121.7,1809
贵　　阳,102.1,114.0,128.8,1809
桂　　林,101.0,106.8,117.4,1809
昆　　明,102.0,118.0,128.7,1809
北　　海,100.8,109.5,127.8,1809
西　　安,106.2,120.0,143.0,1809
三　　亚,100.2,119.6,144.6,1809
兰　　州,101.2,108.9,116.6,1809
泸　　州,102.6,113.0,119.5,1809
西　　宁,102.1,110.5,115.2,1809
南　　充,101.8,114.3,123.0,1809
银　　川,100.9,109.6,113.1,1809
遵　　义,101.1,111.4,118.2,1809
乌鲁木齐,100.4,111.9,113.3,1809
大　　理,101.5,113.9,120.2,1809
北　　京,100.2,97.4,95.5,2509
唐　　山,99.5,94.2,93.0,2509
天　　津,99.4,98.8,98.0,2509
秦 皇 岛,99.7,95.1,93.8,2509
石 家 庄,99.4,96.4,96.5,2509
包　　头,99.0,94.1,93.8,2509
太　　原,99.9,100.6,101.0,2509
丹　　东,99.7,96.1,94.8,2509
呼和浩特,99.7,94.7,94.2,2509
锦　　州,99.9,97.0,95.8,2509
沈　　阳,99.7,100.0,98.2,2509
吉　　林,99.5,96.1,95.0,2509
大　　连,99.6,97.6,96.1,2509
牡 丹 江,99.7,96.8,94.5,2509
长　　春,100.1,97.2,96.1,2509
无　　锡,99.7,96.4,96.0,2509
哈 尔 滨,99.9,97.2,95.4,2509
徐　　州,99.4,95.2,94.8,2509
上　　海,100.3,105.6,105.8,2509
扬　　州,99.3,93.8,94.0,2509
南　　京,99.4,98.1,98.1,2509
温　　州,99.2,96.3,92.6,2509
杭　　州,100.3,103.6,100.9,2509
金　　华,99.7,97.4,93.1,2509
宁　　波,99.3,99.2,96.7,2509
蚌　　埠,99.9,96.2,94.6,2509
合　　肥,100.0,99.9,96.8,2509
安　　庆,99.5,96.4,95.0,2509
福　　州,99.6,98.0,94.6,2509
泉　　州,99.8,97.6,94.3,2509
厦　　门,99.3,99.1,95.8,2509
九　　江,99.1,96.5,95.0,2509
南　　昌,99.3,95.8,95.2,2509
赣　　州,99.0,98.2,96.3,2509
济　　南,99.6,97.6,95.4,2509
烟　　台,99.8,96.1,95.0,2509
青　　岛,99.5,98.7,97.0,2509
济　　宁,99.7,96.5,95.7,2509
郑　　州,99.4,96.7,95.9,2509
洛　　阳,99.7,97.1,95.0,2509
武　　汉,99.6,97.5,95.4,2509
平 顶 山,99.8,99.9,99.0,2509
长　　沙,99.6,98.4,95.9,2509
宜　　昌,99.9,100.2,97.5,2509
广　　州,99.4,95.9,94.0,2509
襄　　阳,99.3,95.7,95.0,2509
深　　圳,99.0,98.2,97.0,2509
岳　　阳,99.5,95.7,94.3,2509
南　　宁,99.5,100.2,96.6,2509
常　　德,99.4,96.4,94.3,2509
海　　口,99.0,95.1,95.7,2509
韶　　关,99.9,96.8,95.2,2509
重　　庆,99.6,97.8,96.3,2509
湛　　江,99.8,98.3,96.0,2509
成　　都,99.4,101.3,98.9,2509
惠　　州,100.1,97.3,95.4,2509
贵　　阳,99.6,96.7,95.8,2509
桂　　林,99.6,97.3,96.8,2509
昆　　明,99.5,95.1,93.0,2509
北　　海,99.3,94.3,93.8,2509
西　　安,99.1,95.0,96.8,2509
三　　亚,100.0,100.1,98.0,2509
兰　　州,99.7,96.0,93.7,2509
泸　　州,99.4,95.0,93.6,2509
西　　宁,99.7,96.3,95.2,2509
南　　充,99.8,97.8,97.3,2509
银　　川,99.4,96.8,96.3,2509
遵　　义,99.6,97.2,96.7,2509
乌鲁木齐,99.8,100.6,98.7,2509
大　　理,99.5,95.7,94.2,2509
北　　京,100.0,104.5,105.5,2109
唐　　山,99.2,99.8,103.0,2109
天　　津,99.9,104.1,105.0,2109
秦 皇 岛,99.5,98.2,99.7,2109
石 家 庄,100.4,102.1,103.0,2109
包　　头,99.8,101.6,102.8,2109
太　　原,99.3,97.8,98.0,2109
丹　　东,100.1,103.9,105.5,2109
呼和浩特,99.7,101.2,102.5,2109
锦　　州,100.5,104.4,106.3,2109
沈　　阳,99.9,103.3,105.5,2109
吉　　林,99.8,101.8,103.8,2109
大　　连,100.1,106.1,107.5,2109
牡 丹 江,99.3,98.7,99.0,2109
长　　春,100.4,100.7,102.1,2109
无　　锡,100.5,104.7,107.3,2109
哈 尔 滨,99.5,99.3,99.5,2109
徐　　州,99.7,105.5,108.8,2109
上　　海,100.2,104.0,105.4,2109
扬　　州,99.6,107.3,108.9,2109
南　　京,100.2,105.0,106.2,2109
温　　州,100.4,103.7,105.7,2109
杭　　州,100.4,103.4,105.1,2109
金　　华,100.1,105.2,107.1,2109
宁　　波,100.0,103.9,105.6,2109
蚌　　埠,99.9,102.8,104.3,2109
合　　肥,100.4,105.7,106.4,2109
安　　庆,100.4,100.2,99.1,2109
福　　州,100.0,105.4,106.4,2109
泉　　州,100.1,106.1,108.0,2109
厦　　门,100.3,105.3,106.7,2109
九　　江,99.8,103.1,104.3,2109
南　　昌,99.9,101.1,101.6,2109
赣　　州,100.0,103.5,104.6,2109
济　　南,100.4,105.5,105.7,2109
烟　　台,99.8,102.8,104.5,2109
青　　岛,100.0,104.9,106.6,2109
济　　宁,100.4,108.4,110.7,2109
郑　　州,99.7,102.8,103.3,2109
洛　　阳,100.3,103.7,104.6,2109
武　　汉,100.0,106.0,107.5,2109
平 顶 山,100.2,102.8,103.7,2109
长　　沙,100.3,106.9,108.7,2109
宜　　昌,99.7,104.2,104.9,2109
广　　州,99.9,109.0,110.3,2109
襄　　阳,99.9,104.1,105.2,2109
深　　圳,100.2,103.8,105.2,2109
岳　　阳,99.5,97.6,98.8,2109
南　　宁,99.6,102.7,104.7,2109
常　　德,99.3,97.5,97.4,2109
海　　口,100.3,105.6,106.7,2109
韶　　关,99.5,102.6,102.6,2109
重　　庆,100.1,108.3,110.0,2109
湛　　江,99.0,102.5,102.9,2109
成　　都,99.8,103.6,105.8,2109
惠　　州,99.7,101.8,105.0,2109
贵　　阳,99.7,103.7,104.2,2109
桂　　林,99.4,101.1,101.1,2109
昆　　明,99.3,101.5,103.1,2109
北　　海,99.6,98.4,97.5,2109
西　　安,100.6,107.5,109.6,2109
三　　亚,100.1,105.1,106.4,2109
兰　　州,99.7,105.1,106.1,2109
泸　　州,99.0,97.8,98.7,2109
西　　宁,100.2,107.6,109.6,2109
南　　充,99.9,98.8,98.9,2109
银　　川,100.6,108.0,112.7,2109
遵　　义,99.7,101.7,101.6,2109
乌鲁木齐,100.0,104.2,105.2,2109
大　　理,99.5,97.6,98.2,2109
北　　京,100.2,104.9,105.5,2108
唐　　山,99.4,101.2,103.8,2108
天　　津,100.3,104.3,105.1,2108
秦 皇 岛,99.4,99.2,100.3,2108
石 家 庄,99.7,102.4,102.6,2108
包　　头,100.1,102.3,103.1,2108
太　　原,99.8,98.0,98.6,2108
丹　　东,100.3,104.6,105.3,2108
呼和浩特,100.2,102.1,102.8,2108
锦　　州,100.2,103.7,105.8,2108
沈　　阳,100.3,103.4,105.6,2108
吉　　林,100.2,102.9,104.0,2108
大　　连,100.6,106.5,107.4,2108
牡 丹 江,100.4,99.4,99.6,2108
长　　春,100.3,100.6,101.7,2108
无　　锡,100.3,104.5,106.8,2108
哈 尔 滨,99.7,99.4,99.9,2108
徐　　州,100.1,107.2,109.1,2108
上　　海,100.4,104.3,105.2,2108
扬　　州,100.0,108.1,109.3,2108
南　　京,100.1,104.8,106.0,2108
温　　州,100.2,103.2,105.2,2108
杭　　州,100.6,103.0,104.7,2108
金　　华,100.4,105.3,106.9,2108
宁　　波,100.3,104.2,105.6,2108
蚌　　埠,100.4,103.4,104.4,2108
合　　肥,100.2,106.0,106.0,2108
安　　庆,100.0,100.0,98.6,2108
福　　州,100.2,105.7,106.3,2108
泉　　州,100.3,106.6,107.9,2108
厦　　门,100.4,105.6,106.4,2108
九　　江,100.2,103.8,104.4,2108
南　　昌,100.1,101.3,101.7,2108
赣　　州,99.9,103.7,104.6,2108
济　　南,100.6,105.2,105.3,2108
烟　　台,99.9,103.6,104.8,2108
青　　岛,100.8,105.4,106.5,2108
济　　宁,100.1,109.0,110.3,2108
郑　　州,99.9,103.1,103.6,2108
洛　　阳,100.5,103.7,104.3,2108
武　　汉,100.4,106.4,107.4,2108
平 顶 山,100.4,102.9,103.5,2108
长　　沙,100.5,106.8,108.3,2108
宜　　昌,100.0,104.7,105.2,2108
广　　州,99.9,109.8,110.4,2108
襄　　阳,100.4,104.7,105.3,2108
深　　圳,101.0,103.9,105.0,2108
岳　　阳,99.7,98.3,99.3,2108
南　　宁,99.7,103.7,105.1,2108
常　　德,99.7,97.6,98.1,2108
海　　口,100.3,105.8,106.5,2108
韶　　关,100.4,103.1,103.1,2108
重　　庆,100.8,108.8,109.9,2108
湛　　江,99.8,104.0,104.0,2108
成　　都,100.3,104.2,106.0,2108
惠　　州,99.6,102.8,105.3,2108
贵　　阳,100.0,104.2,104.5,2108
桂　　林,99.6,102.3,101.7,2108
昆　　明,99.6,102.4,103.8,2108
北　　海,100.1,98.4,97.9,2108
西　　安,100.7,107.7,109.0,2108
三　　亚,100.2,105.9,106.3,2108
兰　　州,99.8,105.9,106.5,2108
泸　　州,99.9,99.1,99.7,2108
西　　宁,100.5,108.0,109.4,2108
南　　充,99.5,98.9,99.1,2108
银　　川,100.4,108.5,112.0,2108
遵　　义,99.9,101.8,101.8,2108
乌鲁木齐,100.8,104.3,105.3,2108
大　　理,100.1,98.3,98.6,2108
北　　京,99.8,102.8,104.1,2308
唐　　山,99.7,98.8,98.3,2308
天　　津,99.6,100.6,99.2,2308
秦 皇 岛,99.9,96.4,95.4,2308
石 家 庄,99.3,99.3,98.8,2308
包　　头,99.3,97.4,97.1,2308
太　　原,100.2,99.5,97.7,2308
丹　　东,99.8,98.2,97.0,2308
呼和浩特,99.9,99.9,98.5,2308
锦　　州,100.0,98.6,97.5,2308
沈　　阳,100.1,97.3,96.3,2308
吉　　林,99.5,98.2,96.8,2308
大　　连,100.3,95.8,95.4,2308
牡 丹 江,99.6,96.1,96.9,2308
长　　春,99.2,95.3,95.6,2308
无　　锡,99.7,97.9,98.9,2308
哈 尔 滨,99.4,97.7,96.1,2308
徐　　州,99.2,100.3,100.3,2308
上　　海,100.1,104.1,104.4,2308
扬　　州,99.0,100.0,99.9,2308
南　　京,99.6,99.8,100.5,2308
温　　州,99.6,96.2,94.6,2308
杭　　州,100.1,103.3,105.0,2308
金　　华,98.9,95.7,97.0,2308
宁　　波,99.8,103.4,103.1,2308
蚌　　埠,99.9,99.9,99.0,2308
合　　肥,99.8,102.3,103.4,2308
安　　庆,99.7,100.3,98.4,2308
福　　州,99.7,98.6,98.6,2308
泉　　州,100.1,98.2,96.3,2308
厦　　门,99.7,97.7,97.4,2308
九　　江,99.6,99.9,99.6,2308
南　　昌,99.5,101.2,101.9,2308
赣　　州,99.4,97.3,98.6,2308
济　　南,99.9,103.1,103.1,2308
烟　　台,100.2,100.3,99.6,2308
青　　岛,99.8,101.5,101.9,2308
济　　宁,99.8,97.9,96.7,2308
郑　　州,99.5,99.0,99.1,2308
洛　　阳,99.2,97.8,97.3,2308
武　　汉,99.5,100.5,98.0,2308
平 顶 山,99.3,98.1,98.2,2308
长　　沙,100.3,103.5,103.5,2308
宜　　昌,100.1,96.5,96.0,2308
广　　州,99.7,98.6,99.4,2308
襄　　阳,99.8,99.3,98.0,2308
深　　圳,99.4,97.0,98.2,2308
岳　　阳,99.1,96.5,94.9,2308
南　　宁,99.5,98.1,97.6,2308
常　　德,99.8,98.2,96.5,2308
海　　口,100.4,102.3,101.8,2308
韶　　关,99.5,99.1,98.9,2308
重　　庆,100.1,101.8,100.6,2308
湛　　江,99.4,101.0,97.5,2308
成　　都,100.3,106.4,107.8,2308
惠　　州,99.6,96.4,97.4,2308
贵　　阳,99.9,98.3,98.2,2308
桂　　林,99.5,97.4,97.1,2308
昆　　明,99.4,99.0,98.5,2308
北　　海,100.3,101.5,96.1,2308
西　　安,100.4,101.9,101.6,2308
三　　亚,100.4,102.8,101.1,2308
兰　　州,99.5,99.9,97.4,2308
泸　　州,99.4,98.9,97.9,2308
西　　宁,98.9,99.0,99.1,2308
南　　充,99.6,100.9,100.1,2308
银　　川,100.3,101.7,101.9,2308
遵　　义,99.6,100.9,100.7,2308
乌鲁木齐,100.1,100.6,100.9,2308
大　　理,99.4,97.6,96.9,2308
北　　京,100.4,102.9,104.0,2309
唐　　山,99.5,98.8,98.4,2309
天　　津,99.8,100.6,99.3,2309
秦 皇 岛,99.5,96.5,95.5,2309
石 家 庄,99.5,99.1,98.8,2309
包　　头,99.2,97.2,97.1,2309
太　　原,99.6,99.7,98.0,2309
丹　　东,99.4,98.1,97.1,2309
呼和浩特,99.7,99.5,98.6,2309
锦　　州,100.3,99.2,97.6,2309
沈　　阳,100.2,97.8,96.5,2309
吉　　林,99.6,98.4,97.0,2309
大　　连,99.4,95.7,95.5,2309
牡 丹 江,99.0,95.2,96.7,2309
长　　春,99.6,95.6,95.6,2309
无　　锡,100.1,98.4,98.8,2309
哈 尔 滨,99.3,97.8,96.3,2309
徐　　州,99.4,99.9,100.2,2309
上　　海,100.5,104.4,104.4,2309
扬　　州,99.0,99.6,99.9,2309
南　　京,99.2,99.5,100.4,2309
温　　州,99.5,96.6,94.8,2309
杭　　州,100.1,103.0,104.8,2309
金　　华,100.0,96.3,96.9,2309
宁　　波,100.3,103.5,103.2,2309
蚌　　埠,99.7,99.7,99.1,2309
合　　肥,99.9,101.5,103.2,2309
安　　庆,99.8,100.6,98.6,2309
福　　州,99.5,98.8,98.6,2309
泉　　州,100.3,99.2,96.7,2309
厦　　门,99.4,97.4,97.4,2309
九　　江,99.5,99.5,99.6,2309
南　　昌,99.4,100.3,101.7,2309
赣　　州,99.7,96.8,98.4,2309
济　　南,99.7,102.5,103.0,2309
烟　　台,99.9,100.5,99.7,2309
青　　岛,99.5,101.2,101.9,2309
济　　宁,99.8,97.9,96.9,2309
郑　　州,99.4,98.7,99.0,2309
洛　　阳,99.6,97.8,97.3,2309
武　　汉,99.7,101.1,98.3,2309
平 顶 山,99.7,97.9,98.2,2309
长　　沙,100.1,103.6,103.5,2309
宜　　昌,99.4,96.6,96.1,2309
广　　州,99.4,98.3,99.3,2309
襄　　阳,99.7,99.2,98.2,2309
深　　圳,99.5,97.0,98.0,2309
岳　　阳,99.9,97.1,95.2,2309
南　　宁,99.5,98.3,97.7,2309
常　　德,99.6,98.2,96.7,2309
海　　口,100.3,102.5,101.8,2309
韶　　关,99.3,98.8,98.9,2309
重　　庆,100.2,101.7,100.7,2309
湛　　江,99.3,101.3,97.9,2309
成　　都,100.2,105.8,107.6,2309
惠　　州,99.7,96.3,97.3,2309
贵　　阳,99.8,98.1,98.2,2309
桂　　林,99.4,97.2,97.1,2309
昆　　明,99.3,98.9,98.5,2309
北　　海,99.6,101.7,96.7,2309
西　　安,100.4,102.7,101.7,2309
三　　亚,100.1,103.2,101.3,2309
兰　　州,99.5,100.3,97.7,2309
泸　　州,99.8,98.8,98.0,2309
西　　宁,99.6,98.9,99.1,2309
南　　充,99.6,101.0,100.2,2309
银　　川,99.5,101.4,101.9,2309
遵　　义,99.8,100.5,100.6,2309
乌鲁木齐,99.8,100.6,100.9,2309
大　　理,100.2,97.4,97.0,2309
北　　京,100.5,104.8,142.1,1908
唐　　山,101.9,111.7,131.8,1908
天　　津,100.1,101.8,133.1,1908
秦 皇 岛,100.8,117.6,144.6,1908
石 家 庄,101.4,116.6,152.6,1908
包　　头,101.1,106.6,121.1,1908
太　　原,100.9,108.9,130.5,1908
丹　　东,100.6,109.3,124.7,1908
呼和浩特,102.2,119.5,141.6,1908
锦　　州,99.8,112.1,114.7,1908
沈　　阳,100.8,110.1,137.1,1908
吉　　林,101.1,111.6,130.1,1908
大　　连,100.6,111.7,136.1,1908
牡 丹 江,100.6,110.3,122.8,1908
长　　春,100.9,109.5,132.4,1908
无　　锡,100.8,106.9,148.1,1908
哈 尔 滨,100.8,111.6,138.4,1908
扬　　州,101.7,112.2,145.6,1908
上　　海,100.3,102.2,148.0,1908
徐　　州,100.9,114.1,152.2,1908
南　　京,99.8,105.4,152.2,1908
温　　州,100.4,102.6,118.6,1908
杭　　州,100.0,108.2,147.1,1908
金　　华,100.8,106.3,132.5,1908
宁　　波,101.1,107.2,137.2,1908
蚌　　埠,100.1,106.8,129.4,1908
合　　肥,100.8,106.9,161.7,1908
安　　庆,100.0,107.7,126.2,1908
福　　州,100.6,108.1,144.1,1908
泉　　州,100.5,101.5,113.7,1908
厦　　门,100.8,103.6,158.2,1908
九　　江,100.8,109.3,138.9,1908
南　　昌,100.4,106.6,140.4,1908
赣　　州,100.0,104.3,126.3,1908
济　　南,99.8,108.2,145.9,1908
烟　　台,100.8,110.9,137.5,1908
青　　岛,100.5,108.1,138.7,1908
济　　宁,101.2,112.8,131.8,1908
郑　　州,100.3,105.1,145.8,1908
洛　　阳,100.6,115.9,137.1,1908
武　　汉,101.1,114.3,155.6,1908
平 顶 山,100.3,110.4,127.9,1908
长　　沙,100.3,104.3,144.2,1908
宜　　昌,99.5,106.0,131.8,1908
广　　州,100.2,109.4,157.7,1908
襄　　阳,101.3,112.2,130.3,1908
深　　圳,100.2,100.6,147.5,1908
岳　　阳,99.9,101.6,122.8,1908
南　　宁,102.3,110.3,143.9,1908
常　　德,100.7,110.1,128.1,1908
海　　口,100.0,109.1,146.2,1908
惠　　州,100.6,103.1,138.1,1908
重　　庆,99.7,110.3,140.3,1908
湛　　江,100.5,106.9,129.7,1908
成　　都,100.7,112.8,148.5,1908
韶　　关,99.1,102.8,124.4,1908
贵　　阳,100.4,117.7,148.6,1908
桂　　林,100.3,110.3,128.1,1908
昆　　明,101.2,113.2,142.8,1908
北　　海,101.0,110.8,140.5,1908
西　　安,100.5,122.3,164.6,1908
三　　亚,100.6,104.3,150.5,1908
兰　　州,99.9,107.7,124.2,1908
泸　　州,99.5,106.2,123.7,1908
西　　宁,100.8,113.2,127.8,1908
南　　充,100.0,107.0,129.2,1908
银　　川,101.8,108.6,121.8,1908
遵　　义,100.5,110.0,128.6,1908
乌鲁木齐,99.6,104.5,117.8,1908
大　　理,100.8,121.5,143.8,1908
北　　京,99.5,96.4,98.9,2408
唐　　山,99.0,92.6,95.1,2408
天　　津,99.4,98.6,99.9,2408
秦 皇 岛,99.2,93.3,95.3,2408
石 家 庄,99.8,97.6,98.8,2408
包　　头,99.4,93.7,94.9,2408
太　　原,99.8,98.9,99.7,2408
丹　　东,99.4,94.6,96.1,2408
呼和浩特,99.6,95.6,97.2,2408
锦　　州,99.3,95.5,97.7,2408
沈　　阳,99.3,95.2,96.7,2408
吉　　林,98.8,96.0,97.7,2408
大　　连,99.7,93.9,95.2,2408
牡 丹 江,99.4,92.7,95.0,2408
长　　春,99.3,96.7,97.2,2408
无　　锡,99.3,96.4,97.0,2408
哈 尔 滨,99.6,94.0,95.8,2408
徐　　州,99.6,90.9,92.9,2408
上　　海,100.6,104.9,104.4,2408
扬　　州,99.2,93.2,94.7,2408
南　　京,100.3,90.6,92.5,2408
温　　州,98.2,90.2,94.2,2408
杭　　州,99.9,98.3,99.9,2408
金　　华,98.3,90.0,92.2,2408
宁　　波,99.3,91.6,95.3,2408
蚌　　埠,99.2,93.8,95.9,2408
合　　肥,99.4,95.3,97.3,2408
安　　庆,99.1,92.4,94.7,2408
福　　州,98.1,91.8,94.9,2408
泉　　州,98.1,93.9,97.9,2408
厦　　门,99.0,89.3,92.6,2408
九　　江,99.9,91.4,93.8,2408
南　　昌,99.3,93.3,95.0,2408
赣　　州,98.7,93.0,95.1,2408
济　　南,99.2,95.5,98.3,2408
烟　　台,99.6,93.9,96.0,2408
青　　岛,99.4,93.4,95.9,2408
济　　宁,99.4,93.3,95.3,2408
郑　　州,99.6,93.1,94.5,2408
洛　　阳,99.2,94.4,96.0,2408
武　　汉,99.2,91.6,94.7,2408
平 顶 山,99.9,97.5,97.4,2408
长　　沙,98.9,95.6,99.1,2408
宜　　昌,99.2,95.0,95.9,2408
广　　州,99.5,89.9,92.8,2408
襄　　阳,99.4,93.5,95.4,2408
深　　圳,99.2,91.8,93.5,2408
岳　　阳,98.9,94.1,95.3,2408
南　　宁,99.2,92.4,94.4,2408
常　　德,99.5,92.0,94.4,2408
海　　口,99.4,96.3,98.9,2408
韶　　关,99.0,92.7,94.6,2408
重　　庆,99.6,94.6,98.2,2408
湛　　江,99.6,90.3,93.0,2408
成　　都,98.8,96.8,100.8,2408
惠　　州,98.7,92.2,93.5,2408
贵　　阳,99.2,95.8,97.7,2408
桂　　林,99.5,95.8,96.1,2408
昆　　明,98.0,93.0,95.7,2408
北　　海,98.7,95.2,98.3,2408
西　　安,100.0,102.9,104.0,2408
三　　亚,99.5,97.2,99.9,2408
兰　　州,98.3,91.2,95.3,2408
泸　　州,99.3,93.1,94.6,2408
西　　宁,99.5,93.6,94.4,2408
南　　充,99.5,96.5,97.5,2408
银　　川,99.4,94.0,96.7,2408
遵　　义,99.7,96.6,97.6,2408
乌鲁木齐,99.8,96.1,97.5,2408
大　　理,98.3,94.9,96.9,2408
北　　京,99.3,95.4,98.5,2409
唐　　山,99.1,92.2,94.8,2409
天　　津,98.8,97.7,99.7,2409
秦 皇 岛,99.3,93.1,95.0,2409
石 家 庄,99.7,97.8,98.7,2409
包　　头,99.2,93.6,94.7,2409
太　　原,100.3,99.5,99.7,2409
丹　　东,99.2,94.4,95.9,2409
呼和浩特,99.4,95.3,97.0,2409
锦　　州,99.4,94.6,97.3,2409
沈　　阳,99.6,94.7,96.5,2409
吉　　林,99.6,96.0,97.6,2409
大　　连,99.3,93.8,95.1,2409
牡 丹 江,99.3,93.1,94.8,2409
长　　春,99.4,96.5,97.1,2409
无　　锡,99.5,95.8,96.9,2409
哈 尔 滨,99.1,93.7,95.6,2409
徐　　州,100.1,91.5,92.8,2409
上　　海,100.6,104.9,104.4,2409
扬　　州,99.6,93.8,94.6,2409
南　　京,100.0,91.3,92.4,2409
温　　州,98.6,89.4,93.7,2409
杭　　州,99.4,97.6,99.7,2409
金　　华,98.5,88.6,91.8,2409
宁　　波,99.4,90.8,94.8,2409
蚌　　埠,99.1,93.3,95.6,2409
合　　肥,99.2,94.6,97.0,2409
安　　庆,99.4,92.1,94.4,2409
福　　州,98.6,91.0,94.4,2409
泉　　州,99.2,92.9,97.3,2409
厦　　门,98.8,88.7,92.2,2409
九　　江,99.8,91.6,93.6,2409
南　　昌,98.7,92.6,94.8,2409
赣　　州,99.3,92.6,94.8,2409
济　　南,98.2,94.1,97.8,2409
烟　　台,99.3,93.4,95.7,2409
青　　岛,99.3,93.2,95.6,2409
济　　宁,99.6,93.1,95.1,2409
郑　　州,99.3,93.0,94.4,2409
洛　　阳,98.5,93.3,95.7,2409
武　　汉,98.7,90.7,94.3,2409
平 顶 山,99.3,97.1,97.3,2409
长　　沙,99.2,94.8,98.6,2409
宜　　昌,99.4,94.9,95.8,2409
广　　州,99.1,89.7,92.4,2409
襄　　阳,99.4,93.2,95.2,2409
深　　圳,99.0,91.4,93.2,2409
岳　　阳,99.2,93.4,95.1,2409
南　　宁,98.9,91.8,94.1,2409
常　　德,99.1,91.5,94.1,2409
海　　口,99.4,95.4,98.5,2409
韶　　关,99.7,93.1,94.4,2409
重　　庆,99.4,93.8,97.7,2409
湛　　江,99.2,90.1,92.7,2409
成　　都,99.2,95.9,100.2,2409
惠　　州,99.4,92.0,93.3,2409
贵　　阳,99.3,95.3,97.4,2409
桂　　林,99.3,95.8,96.1,2409
昆　　明,99.0,92.6,95.3,2409
北　　海,99.0,94.6,97.9,2409
西　　安,99.4,101.9,103.8,2409
三　　亚,99.2,96.3,99.5,2409
兰　　州,99.5,91.2,94.8,2409
泸　　州,98.5,91.9,94.3,2409
西　　宁,99.7,93.7,94.3,2409
南　　充,99.7,96.5,97.4,2409
银　　川,99.8,94.2,96.4,2409
遵　　义,99.3,96.1,97.4,2409
乌鲁木齐,99.7,96.1,97.4,2409
大　　理,99.6,94.4,96.6,2409
北　　京,100.0,104.7,142.0,1909
唐　　山,100.6,110.8,132.5,1909
天　　津,100.2,101.7,133.3,1909
秦 皇 岛,100.1,115.5,144.7,1909
石 家 庄,100.9,116.3,154.0,1909
包　　头,100.6,106.6,121.8,1909
太　　原,100.4,108.3,131.1,1909
丹　　东,101.0,109.3,126.0,1909
呼和浩特,101.3,117.8,143.5,1909
锦　　州,100.6,110.7,115.3,1909
沈　　阳,101.0,109.7,138.4,1909
吉　　林,101.0,111.5,131.4,1909
大　　连,99.7,110.7,135.7,1909
牡 丹 江,99.8,108.5,122.6,1909
长　　春,101.0,110.3,133.7,1909
无　　锡,101.4,108.0,150.3,1909
哈 尔 滨,100.9,111.2,139.6,1909
扬　　州,101.2,112.0,147.3,1909
上　　海,100.5,102.7,148.7,1909
徐　　州,101.1,114.1,153.9,1909
南　　京,100.8,105.8,153.3,1909
温　　州,100.5,102.9,119.3,1909
杭　　州,100.2,108.2,147.5,1909
金　　华,100.2,106.6,132.8,1909
宁　　波,100.5,107.5,137.9,1909
蚌　　埠,100.4,105.3,129.9,1909
合　　肥,99.9,105.7,161.5,1909
安　　庆,100.6,106.7,127.0,1909
福　　州,100.4,107.4,144.7,1909
泉　　州,100.2,101.7,113.9,1909
厦　　门,99.7,103.3,157.8,1909
九　　江,100.7,109.3,140.0,1909
南　　昌,100.6,106.4,141.3,1909
赣　　州,100.8,104.0,127.2,1909
济　　南,99.6,106.4,145.4,1909
烟　　台,101.2,111.5,139.1,1909
青　　岛,100.1,107.8,138.9,1909
济　　宁,101.1,113.4,133.3,1909
郑　　州,100.2,104.8,146.1,1909
洛　　阳,102.0,116.2,139.8,1909
武　　汉,100.8,114.9,156.7,1909
平 顶 山,100.0,109.0,127.9,1909
长　　沙,100.0,103.8,144.3,1909
宜　　昌,99.8,104.4,131.5,1909
广　　州,100.0,109.0,157.7,1909
襄　　阳,101.0,112.6,131.6,1909
深　　圳,101.2,102.0,149.3,1909
岳　　阳,99.5,99.9,122.2,1909
南　　宁,102.1,112.2,146.9,1909
常　　德,99.7,108.3,127.7,1909
海　　口,100.5,109.4,147.0,1909
惠　　州,100.2,103.0,138.5,1909
重　　庆,100.5,109.7,141.1,1909
湛　　江,99.9,106.0,129.6,1909
成　　都,100.7,112.8,149.5,1909
韶　　关,99.9,102.1,124.2,1909
贵　　阳,99.7,115.0,148.1,1909
桂　　林,101.0,110.3,129.4,1909
昆　　明,101.3,112.3,144.6,1909
北　　海,100.0,109.9,140.5,1909
西　　安,100.7,116.0,165.8,1909
三　　亚,100.3,104.3,150.9,1909
兰　　州,100.3,106.7,124.5,1909
泸　　州,99.8,103.3,123.5,1909
西　　宁,101.3,112.3,129.4,1909
南　　充,100.5,105.6,129.9,1909
银　　川,101.7,109.5,123.8,1909
遵　　义,100.4,109.3,129.2,1909
乌鲁木齐,100.2,104.2,118.0,1909
大　　理,100.8,120.6,144.9,1909
北　　京,100.4,105.8,111.7,2208
唐　　山,99.4,98.3,102.1,2208
天　　津,99.6,95.8,100.7,2208
秦 皇 岛,99.5,93.6,93.9,2208
石 家 庄,99.5,96.3,98.8,2208
包　　头,99.4,95.3,98.2,2208
太　　原,99.5,95.5,94.1,2208
丹　　东,99.6,95.9,101.0,2208
呼和浩特,99.0,96.8,99.6,2208
锦　　州,99.7,98.4,104.1,2208
沈　　阳,99.2,95.8,101.1,2208
吉　　林,99.3,97.2,101.1,2208
大　　连,99.8,97.0,104.2,2208
牡 丹 江,100.1,97.1,96.8,2208
长　　春,100.2,98.7,100.4,2208
无　　锡,100.4,100.5,107.3,2208
哈 尔 滨,99.5,92.8,92.8,2208
徐　　州,99.6,99.3,108.4,2208
上　　海,100.6,103.7,109.1,2208
扬　　州,99.7,95.7,104.6,2208
南　　京,100.4,100.9,107.0,2208
温　　州,99.6,96.9,102.0,2208
杭　　州,100.4,106.5,111.5,2208
金　　华,99.6,99.4,106.3,2208
宁　　波,100.3,100.3,105.9,2208
蚌　　埠,99.9,97.5,101.8,2208
合　　肥,100.3,100.4,106.4,2208
安　　庆,99.6,96.0,94.7,2208
福　　州,99.5,99.0,105.2,2208
泉　　州,99.0,95.8,103.4,2208
厦　　门,99.4,97.6,103.8,2208
九　　江,99.8,96.8,101.1,2208
南　　昌,100.1,100.8,102.5,2208
赣　　州,99.6,101.0,105.7,2208
济　　南,100.2,101.0,106.4,2208
烟　　台,100.1,97.2,101.8,2208
青　　岛,100.3,100.3,106.8,2208
济　　宁,99.2,96.8,106.7,2208
郑　　州,99.6,96.2,99.6,2208
洛　　阳,99.7,96.6,100.8,2208
武　　汉,98.7,94.7,101.8,2208
平 顶 山,99.6,98.1,101.5,2208
长　　沙,100.3,103.0,111.5,2208
宜　　昌,99.8,95.9,100.8,2208
广　　州,99.8,100.3,110.7,2208
襄　　阳,99.6,94.7,99.7,2208
深　　圳,99.6,101.6,106.6,2208
岳　　阳,99.5,92.9,92.2,2208
南　　宁,99.3,97.7,102.7,2208
常　　德,99.4,94.0,92.2,2208
海　　口,100.2,100.7,107.2,2208
韶　　关,100.2,96.2,99.3,2208
重　　庆,98.9,101.2,111.2,2208
湛　　江,98.8,91.1,94.7,2208
成　　都,100.4,105.3,111.6,2208
惠　　州,99.8,98.0,103.3,2208
贵　　阳,99.9,97.8,102.2,2208
桂　　林,99.3,95.9,97.5,2208
昆　　明,99.6,97.2,100.9,2208
北　　海,98.6,89.9,88.0,2208
西　　安,100.1,103.6,112.9,2208
三　　亚,100.0,101.4,107.8,2208
兰　　州,99.0,95.0,101.2,2208
泸　　州,99.5,93.4,93.1,2208
西　　宁,99.6,96.0,105.0,2208
南　　充,99.4,94.2,93.3,2208
银　　川,100.4,104.3,116.8,2208
遵　　义,99.7,98.1,99.9,2208
乌鲁木齐,99.9,101.4,106.7,2208
大　　理,99.9,93.1,91.8,2208
北　　京,100.2,106.1,111.9,2209
唐　　山,99.6,98.6,101.6,2209
天　　津,99.8,95.7,100.4,2209
秦 皇 岛,99.3,93.5,93.3,2209
石 家 庄,99.7,95.6,98.4,2209
包　　头,99.3,94.9,97.6,2209
太　　原,99.4,95.5,93.5,2209
丹　　东,99.5,95.2,100.4,2209
呼和浩特,100.1,97.3,99.7,2209
锦　　州,99.7,97.6,103.7,2209
沈　　阳,99.7,95.5,100.8,2209
吉　　林,99.4,96.8,100.5,2209
大　　连,99.5,96.3,103.6,2209
牡 丹 江,99.9,97.7,96.7,2209
长　　春,99.3,97.7,99.8,2209
无　　锡,99.6,99.6,106.9,2209
哈 尔 滨,99.2,92.5,92.0,2209
徐　　州,99.9,99.5,108.2,2209
上　　海,100.2,103.8,109.4,2209
扬　　州,99.5,95.6,104.1,2209
南　　京,99.6,100.3,106.5,2209
温　　州,99.1,95.6,101.0,2209
杭　　州,100.4,106.5,112.0,2209
金　　华,99.4,98.7,105.6,2209
宁　　波,100.2,100.4,106.1,2209
蚌　　埠,99.8,97.4,101.6,2209
合　　肥,100.7,100.7,107.1,2209
安　　庆,99.5,95.1,94.2,2209
福　　州,99.3,98.2,104.5,2209
泉　　州,99.3,95.0,102.7,2209
厦　　门,99.7,97.0,103.5,2209
九　　江,99.9,96.9,101.0,2209
南　　昌,100.3,101.2,102.8,2209
赣　　州,100.2,101.2,105.9,2209
济　　南,100.3,100.9,106.7,2209
烟　　台,99.7,97.1,101.5,2209
青　　岛,99.9,100.1,106.7,2209
济　　宁,99.9,96.3,106.6,2209
郑　　州,99.7,96.2,99.3,2209
洛　　阳,99.6,96.0,100.4,2209
武　　汉,99.1,93.9,100.9,2209
平 顶 山,99.8,97.6,101.2,2209
长　　沙,100.1,102.7,111.6,2209
宜　　昌,99.3,95.5,100.1,2209
广　　州,99.7,100.1,110.4,2209
襄　　阳,99.8,94.5,99.5,2209
深　　圳,99.5,100.9,106.1,2209
岳　　阳,99.3,92.7,91.6,2209
南　　宁,99.4,97.5,102.1,2209
常　　德,99.6,94.3,91.9,2209
海　　口,100.2,100.6,107.4,2209
韶　　关,99.6,96.3,98.9,2209
重　　庆,100.3,101.4,111.5,2209
湛　　江,99.1,91.2,93.9,2209
成　　都,100.7,106.2,112.4,2209
惠　　州,99.7,98.0,103.0,2209
贵　　阳,100.0,98.0,102.2,2209
桂　　林,99.6,96.1,97.2,2209
昆　　明,99.4,97.3,100.3,2209
北　　海,99.4,89.7,87.5,2209
西　　安,99.5,102.5,112.4,2209
三　　亚,99.7,101.0,107.5,2209
兰　　州,99.1,94.5,100.3,2209
泸　　州,99.9,94.3,93.1,2209
西　　宁,99.7,95.5,104.7,2209
南　　充,99.5,93.8,92.8,2209
银　　川,99.9,103.5,116.7,2209
遵　　义,100.2,98.6,100.1,2209
乌鲁木齐,99.7,101.1,106.4,2209
大　　理,100.4,94.0,92.2,2209
北　　京,100.3,103.8,147.4,2009
唐　　山,100.6,115.4,152.9,2009
天　　津,100.2,100.8,134.4,2009
秦 皇 岛,100.4,106.0,153.4,2009
石 家 庄,100.6,103.3,159.1,2009
包　　头,100.5,103.8,126.5,2009
太　　原,99.6,99.3,130.1,2009
丹　　东,100.8,106.7,134.4,2009
呼和浩特,100.4,109.0,156.4,2009
锦　　州,99.8,110.6,127.6,2009
沈　　阳,100.0,108.2,149.7,2009
吉　　林,100.9,107.5,141.3,2009
大　　连,100.5,105.0,142.5,2009
牡 丹 江,100.0,101.3,124.2,2009
长　　春,100.3,106.3,142.1,2009
无　　锡,100.3,108.7,163.4,2009
哈 尔 滨,99.8,104.1,145.3,2009
扬　　州,100.4,107.5,158.4,2009
上　　海,100.5,104.5,155.4,2009
徐　　州,101.4,111.9,172.2,2009
南　　京,100.0,104.3,159.9,2009
温　　州,100.0,105.6,125.9,2009
杭　　州,100.0,105.1,155.0,2009
金　　华,100.2,105.7,140.4,2009
宁　　波,100.3,105.1,144.9,2009
蚌　　埠,100.4,104.3,135.5,2009
合　　肥,100.6,101.4,163.7,2009
安　　庆,100.2,96.5,122.6,2009
福　　州,100.3,103.2,149.3,2009
泉　　州,100.7,106.1,120.9,2009
厦　　门,100.6,102.8,162.3,2009
九　　江,100.5,106.1,148.5,2009
南　　昌,100.1,100.5,142.0,2009
赣　　州,100.2,104.3,132.7,2009
济　　南,100.0,97.1,141.1,2009
烟　　台,100.6,107.1,148.9,2009
青　　岛,100.5,102.9,142.9,2009
济　　宁,100.9,107.2,142.9,2009
郑　　州,99.9,99.3,145.0,2009
洛　　阳,100.3,104.8,146.5,2009
武　　汉,100.4,106.4,166.8,2009
平 顶 山,100.4,104.3,133.4,2009
长　　沙,100.2,106.5,153.7,2009
宜　　昌,100.2,100.3,131.9,2009
广　　州,100.6,102.1,161.1,2009
襄　　阳,100.5,105.9,139.4,2009
深　　圳,100.4,105.3,157.2,2009
岳　　阳,100.3,100.5,122.8,2009
南　　宁,100.6,108.0,158.6,2009
常　　德,99.6,99.4,127.0,2009
海　　口,100.4,103.1,151.5,2009
惠　　州,100.7,109.2,151.2,2009
重　　庆,100.6,105.3,148.6,2009
湛　　江,100.6,100.7,130.5,2009
成　　都,100.3,109.5,163.6,2009
韶　　关,99.8,98.4,122.2,2009
贵　　阳,100.2,99.9,147.9,2009
桂　　林,100.7,101.4,131.2,2009
昆　　明,100.2,106.1,153.5,2009
北　　海,99.6,99.1,139.2,2009
西　　安,100.8,108.0,179.1,2009
三　　亚,100.8,105.5,159.3,2009
兰　　州,100.6,105.6,131.5,2009
泸　　州,100.2,98.7,121.9,2009
西　　宁,100.6,112.7,145.8,2009
南　　充,100.0,99.2,128.8,2009
银　　川,101.0,116.8,144.7,2009
遵　　义,99.8,99.7,128.8,2009
乌鲁木齐,100.2,101.7,120.1,2009
大　　理,100.2,104.2,151.0,2009
北　　京,100.6,103.4,147.0,2008
唐　　山,101.3,115.4,152.0,2008
天　　津,100.3,100.9,134.2,2008
秦 皇 岛,100.5,105.6,152.8,2008
石 家 庄,100.1,103.6,158.1,2008
包　　头,100.8,104.0,125.9,2008
太　　原,99.8,100.1,130.7,2008
丹　　东,100.8,106.9,133.3,2008
呼和浩特,100.5,109.9,155.7,2008
锦　　州,101.4,111.5,127.8,2008
沈　　阳,101.1,109.2,149.8,2008
吉　　林,100.8,107.7,140.1,2008
大　　连,100.3,104.2,141.8,2008
牡 丹 江,100.8,101.0,124.1,2008
长　　春,100.6,107.0,141.8,2008
无　　锡,101.1,110.0,162.9,2008
哈 尔 滨,100.2,105.3,145.6,2008
扬　　州,100.9,108.3,157.7,2008
上　　海,100.6,104.5,154.6,2008
徐　　州,100.8,111.6,169.8,2008
南　　京,100.0,105.1,160.0,2008
温　　州,101.3,106.1,125.9,2008
杭　　州,100.4,105.3,154.9,2008
金　　华,101.1,105.7,140.1,2008
宁　　波,100.7,105.4,144.5,2008
蚌　　埠,100.6,104.3,134.9,2008
合　　肥,100.3,100.6,162.8,2008
安　　庆,99.3,96.9,122.3,2008
福　　州,100.3,103.3,148.8,2008
泉　　州,100.9,105.6,120.1,2008
厦　　门,100.4,101.9,161.3,2008
九　　江,99.9,106.3,147.7,2008
南　　昌,99.7,101.0,141.8,2008
赣　　州,100.5,105.0,132.5,2008
济　　南,99.6,96.7,141.0,2008
烟　　台,101.0,107.7,148.1,2008
青　　岛,100.8,102.5,142.2,2008
济　　宁,101.2,107.4,141.6,2008
郑　　州,100.6,99.6,145.2,2008
洛　　阳,100.3,106.6,146.1,2008
武　　汉,100.6,106.8,166.2,2008
平 顶 山,100.3,103.9,132.9,2008
长　　沙,100.9,106.3,153.3,2008
宜　　昌,100.1,99.9,131.6,2008
广　　州,100.9,101.6,160.2,2008
襄　　阳,100.7,106.4,138.7,2008
深　　圳,100.5,106.2,156.6,2008
岳　　阳,100.4,99.7,122.4,2008
南　　宁,100.9,109.6,157.7,2008
常　　德,99.9,99.5,127.5,2008
海　　口,100.8,103.2,150.9,2008
惠　　州,101.9,108.7,150.2,2008
重　　庆,100.4,105.3,147.8,2008
湛　　江,100.5,100.1,129.7,2008
成　　都,101.0,109.9,163.2,2008
韶　　关,100.5,98.4,122.4,2008
贵　　阳,100.7,99.4,147.6,2008
桂　　林,99.0,101.7,130.3,2008
昆　　明,100.9,107.3,153.2,2008
北　　海,99.3,99.5,139.7,2008
西　　安,101.1,108.0,177.7,2008
三　　亚,101.0,105.0,158.0,2008
兰　　州,100.7,105.3,130.7,2008
泸　　州,100.5,98.3,121.6,2008
西　　宁,101.0,113.4,145.0,2008
南　　充,99.5,99.6,128.8,2008
银　　川,101.8,117.6,143.2,2008
遵　　义,100.3,100.3,129.0,2008
乌鲁木齐,100.0,101.7,119.9,2008
大　　理,100.7,104.7,150.6,2008
北　　京,99.9,102.4,147.5,2011
唐　　山,100.3,111.7,153.4,2011
天　　津,100.3,101.1,134.2,2011
秦 皇 岛,100.2,103.9,153.2,2011
石 家 庄,100.4,103.6,160.2,2011
包　　头,99.9,103.2,126.5,2011
太　　原,99.6,98.5,129.1,2011
丹　　东,100.7,106.5,135.9,2011
呼和浩特,100.4,105.9,158.0,2011
锦　　州,100.4,108.5,128.3,2011
沈　　阳,99.9,106.0,149.3,2011
吉　　林,99.7,105.1,140.5,2011
大　　连,100.0,104.9,143.0,2011
牡 丹 江,99.7,100.0,123.2,2011
长　　春,99.7,103.4,141.5,2011
无　　锡,99.9,107.1,163.1,2011
哈 尔 滨,99.7,101.9,145.1,2011
扬　　州,100.1,107.1,159.9,2011
上　　海,100.0,104.1,155.8,2011
徐　　州,99.9,111.4,173.2,2011
南　　京,100.1,104.8,160.8,2011
温　　州,99.7,104.4,126.0,2011
杭　　州,99.8,105.1,154.5,2011
金　　华,100.2,104.9,140.4,2011
宁　　波,100.0,104.9,145.1,2011
蚌　　埠,100.2,104.8,136.3,2011
合　　肥,100.6,103.1,165.4,2011
安　　庆,100.3,97.5,123.6,2011
福　　州,100.5,103.5,150.3,2011
泉　　州,100.2,105.6,121.5,2011
厦　　门,100.4,104.4,163.2,2011
九　　江,99.8,104.7,148.2,2011
南　　昌,99.6,100.4,140.8,2011
赣　　州,100.4,104.4,133.7,2011
济　　南,99.7,98.3,140.4,2011
烟　　台,100.2,106.3,149.8,2011
青　　岛,99.9,102.8,142.5,2011
济　　宁,101.2,107.9,145.6,2011
郑　　州,99.7,99.0,143.8,2011
洛　　阳,100.1,102.5,146.7,2011
武　　汉,100.2,105.1,167.7,2011
平 顶 山,100.6,103.8,134.3,2011
长　　沙,99.8,105.8,153.3,2011
宜　　昌,100.4,102.1,133.2,2011
广　　州,100.9,104.1,163.3,2011
襄　　阳,100.5,104.8,140.5,2011
深　　圳,100.0,104.9,157.5,2011
岳　　阳,99.9,100.4,121.8,2011
南　　宁,99.9,105.6,158.8,2011
常　　德,99.8,98.4,126.0,2011
海　　口,100.3,102.8,152.3,2011
惠　　州,99.8,108.1,151.4,2011
重　　庆,99.9,104.7,148.8,2011
湛　　江,100.5,101.4,131.8,2011
成　　都,100.0,107.2,163.8,2011
韶　　关,100.0,99.4,122.7,2011
贵　　阳,100.5,101.5,149.2,2011
桂　　林,99.8,100.9,131.4,2011
昆　　明,100.2,105.0,155.1,2011
北　　海,99.8,97.9,137.9,2011
西　　安,100.2,107.1,180.4,2011
三　　亚,100.4,105.9,161.0,2011
兰　　州,100.6,105.3,133.0,2011
泸　　州,99.9,99.6,121.2,2011
西　　宁,100.6,109.5,147.5,2011
南　　充,99.6,98.7,127.7,2011
银　　川,100.4,115.0,146.3,2011
遵　　义,100.3,100.6,129.0,2011
乌鲁木齐,100.2,103.7,120.9,2011
大　　理,99.9,102.5,150.9,2011
北　　京,100.5,103.1,145.1,2005
唐　　山,101.2,115.0,145.8,2005
天　　津,100.4,99.7,132.4,2005
秦 皇 岛,100.9,107.0,150.7,2005
石 家 庄,100.2,105.6,157.2,2005
包　　头,100.8,103.7,124.4,2005
太　　原,100.5,101.4,130.4,2005
丹　　东,100.3,106.0,131.2,2005
呼和浩特,101.0,113.8,153.7,2005
锦　　州,101.0,108.2,123.9,2005
沈　　阳,101.0,108.8,145.7,2005
吉　　林,100.2,108.3,138.0,2005
大　　连,100.8,105.3,139.5,2005
牡 丹 江,99.8,102.3,123.7,2005
长　　春,100.4,107.8,139.5,2005
无　　锡,101.0,109.1,157.6,2005
哈 尔 滨,100.0,107.5,145.3,2005
扬　　州,100.6,109.5,154.0,2005
上　　海,100.8,103.5,152.4,2005
徐　　州,100.9,111.1,164.0,2005
南　　京,101.2,105.0,158.2,2005
温　　州,100.7,103.4,122.1,2005
杭　　州,100.7,105.1,152.1,2005
金　　华,100.8,105.9,136.6,2005
宁　　波,101.4,106.1,141.8,2005
蚌　　埠,100.5,103.6,132.4,2005
合　　肥,99.9,101.1,160.6,2005
安　　庆,99.9,98.8,124.3,2005
福　　州,100.5,103.4,147.0,2005
泉　　州,101.0,104.5,117.5,2005
厦　　门,100.5,103.0,158.0,2005
九　　江,100.5,107.5,146.1,2005
南　　昌,100.3,101.9,141.6,2005
赣　　州,100.3,104.0,130.2,2005
济　　南,100.5,96.9,140.9,2005
烟　　台,100.4,108.7,145.1,2005
青　　岛,100.3,101.9,139.5,2005
济　　宁,100.7,107.3,137.6,2005
郑　　州,99.8,99.8,143.9,2005
洛　　阳,100.1,109.0,144.3,2005
武　　汉,100.4,107.4,161.9,2005
平 顶 山,100.5,105.5,131.0,2005
长　　沙,100.4,104.8,149.3,2005
宜　　昌,100.4,98.2,130.1,2005
广　　州,100.3,100.2,156.5,2005
襄　　阳,100.0,107.1,136.0,2005
深　　圳,100.6,104.9,153.6,2005
岳　　阳,100.5,98.6,121.0,2005
南　　宁,100.6,110.2,153.6,2005
常　　德,100.3,100.7,127.5,2005
海　　口,99.7,103.8,148.6,2005
惠　　州,101.0,105.7,143.8,2005
重　　庆,100.8,105.0,145.3,2005
湛　　江,99.8,100.7,128.8,2005
成　　都,100.5,110.4,158.6,2005
韶　　关,99.8,98.0,121.7,2005
贵　　阳,100.3,100.6,146.0,2005
桂　　林,100.4,105.1,131.4,2005
昆　　明,100.6,108.3,149.5,2005
北　　海,99.8,103.5,142.0,2005
西　　安,100.5,108.8,172.7,2005
三　　亚,99.6,104.6,154.6,2005
兰　　州,100.4,104.4,128.5,2005
泸　　州,100.3,96.5,120.2,2005
西　　宁,100.8,113.9,142.0,2005
南　　充,101.3,101.3,131.1,2005
银　　川,102.1,114.7,135.4,2005
遵　　义,99.9,101.1,128.9,2005
乌鲁木齐,100.5,100.6,117.9,2005
大　　理,99.9,108.2,149.5,2005
北　　京,100.5,105.5,111.2,2207
唐　　山,100.2,98.2,102.6,2207
天　　津,99.4,96.5,101.1,2207
秦 皇 岛,99.4,93.6,94.4,2207
石 家 庄,99.7,96.4,99.2,2207
包　　头,99.9,96.0,98.8,2207
太　　原,99.6,95.7,94.6,2207
丹　　东,99.2,96.5,101.4,2207
呼和浩特,100.3,98.0,100.6,2207
锦　　州,99.8,98.9,104.4,2207
沈　　阳,99.6,96.8,101.9,2207
吉　　林,99.0,98.1,101.8,2207
大　　连,99.9,97.8,104.4,2207
牡 丹 江,100.2,97.4,96.7,2207
长　　春,99.7,98.8,100.3,2207
无　　锡,99.6,100.4,106.9,2207
哈 尔 滨,99.8,93.0,93.2,2207
徐　　州,100.1,99.8,108.8,2207
上　　海,100.5,103.5,108.5,2207
扬　　州,100.8,96.0,104.9,2207
南　　京,100.3,100.6,106.6,2207
温　　州,99.3,97.5,102.4,2207
杭　　州,100.7,106.6,111.0,2207
金　　华,99.6,100.1,106.7,2207
宁　　波,99.8,100.3,105.6,2207
蚌　　埠,99.5,98.0,101.9,2207
合　　肥,100.7,100.3,106.1,2207
安　　庆,99.0,96.4,95.1,2207
福　　州,100.4,99.7,105.8,2207
泉　　州,99.5,97.0,104.4,2207
厦　　门,99.6,98.6,104.4,2207
九　　江,100.4,97.2,101.3,2207
南　　昌,100.8,100.9,102.5,2207
赣　　州,100.1,101.3,106.1,2207
济　　南,100.4,101.4,106.2,2207
烟　　台,99.6,97.0,101.7,2207
青　　岛,99.8,100.8,106.6,2207
济　　宁,99.7,97.6,107.5,2207
郑　　州,100.3,96.4,100.0,2207
洛　　阳,100.1,97.4,101.1,2207
武　　汉,99.8,96.3,103.0,2207
平 顶 山,100.1,98.9,101.9,2207
长　　沙,100.1,103.2,111.2,2207
宜　　昌,99.6,96.0,101.0,2207
广　　州,100.3,100.4,111.0,2207
襄　　阳,99.9,95.5,100.1,2207
深　　圳,99.8,103.0,107.1,2207
岳　　阳,99.5,93.0,92.6,2207
南　　宁,99.0,98.0,103.4,2207
常　　德,99.2,94.3,92.7,2207
海　　口,100.3,100.8,107.0,2207
韶　　关,100.2,96.4,99.1,2207
重　　庆,100.4,103.1,112.4,2207
湛　　江,99.4,92.0,95.9,2207
成　　都,101.0,105.1,111.2,2207
惠　　州,100.2,97.9,103.5,2207
贵　　阳,99.7,97.9,102.3,2207
桂　　林,99.5,96.2,98.2,2207
昆　　明,99.5,97.2,101.3,2207
北　　海,98.7,91.2,89.2,2207
西　　安,100.6,104.1,112.8,2207
三　　亚,100.3,101.6,107.8,2207
兰　　州,99.4,95.8,102.2,2207
泸　　州,99.8,93.7,93.5,2207
西　　宁,100.1,96.9,105.4,2207
南　　充,100.2,94.2,93.8,2207
银　　川,100.5,104.2,116.3,2207
遵　　义,99.7,98.3,100.2,2207
乌鲁木齐,99.8,102.3,106.8,2207
大　　理,99.2,93.4,92.0,2207
北　　京,100.6,102.8,138.9,1901
唐　　山,100.5,112.9,123.3,1901
天　　津,99.9,101.1,130.7,1901
秦 皇 岛,101.7,118.4,134.1,1901
石 家 庄,100.6,115.5,143.0,1901
包　　头,100.5,111.0,116.9,1901
太　　原,101.0,111.7,125.6,1901
丹　　东,100.4,117.5,119.6,1901
呼和浩特,101.5,122.6,131.8,1901
锦　　州,101.7,114.0,111.7,1901
沈　　阳,100.4,112.2,130.0,1901
吉　　林,101.8,114.1,124.4,1901
大　　连,99.9,112.5,126.2,1901
牡 丹 江,101.6,113.1,118.4,1901
长　　春,100.8,111.9,126.9,1901
无　　锡,100.5,106.1,141.4,1901
哈 尔 滨,100.9,115.3,131.1,1901
扬　　州,101.0,113.4,137.3,1901
上　　海,100.1,100.9,146.5,1901
徐　　州,100.9,118.0,142.4,1901
南　　京,100.8,101.7,148.6,1901
温　　州,100.0,101.5,115.9,1901
杭　　州,100.4,106.0,141.0,1901
金　　华,100.8,105.2,125.0,1901
宁　　波,100.7,106.2,129.1,1901
蚌　　埠,100.0,107.9,126.4,1901
合　　肥,100.6,104.8,155.7,1901
安　　庆,100.4,109.0,123.4,1901
福　　州,100.1,108.7,139.3,1901
泉　　州,99.8,101.6,112.2,1901
厦　　门,99.7,99.7,150.8,1901
九　　江,100.7,110.0,132.7,1901
南　　昌,100.4,109.9,136.2,1901
赣　　州,100.4,107.7,125.4,1901
济　　南,100.4,115.7,141.4,1901
烟　　台,100.8,113.3,130.2,1901
青　　岛,100.6,113.9,134.2,1901
济　　宁,100.7,113.2,123.8,1901
郑　　州,100.3,110.0,142.7,1901
洛　　阳,101.5,112.1,128.0,1901
武　　汉,100.7,111.2,145.0,1901
平 顶 山,100.2,107.6,120.0,1901
长　　沙,100.5,111.3,140.7,1901
宜　　昌,100.8,112.8,129.4,1901
广　　州,100.9,109.7,150.6,1901
襄　　阳,100.8,113.7,123.8,1901
深　　圳,99.9,99.9,145.6,1901
岳　　阳,99.6,108.0,122.9,1901
南　　宁,101.0,110.0,135.6,1901
常　　德,100.3,110.7,123.4,1901
海　　口,101.2,120.7,139.2,1901
惠　　州,99.6,103.5,135.4,1901
重　　庆,100.5,111.8,132.8,1901
湛　　江,99.8,107.4,125.2,1901
成　　都,100.8,113.4,140.0,1901
韶　　关,100.5,106.3,123.3,1901
贵　　阳,101.5,119.4,139.5,1901
桂　　林,101.0,109.5,122.7,1901
昆　　明,100.6,115.7,133.4,1901
北　　海,100.4,112.5,132.0,1901
西　　安,101.5,123.5,150.7,1901
三　　亚,100.0,114.6,145.3,1901
兰　　州,100.7,111.2,121.7,1901
泸　　州,100.9,111.9,123.4,1901
西　　宁,100.0,111.8,119.6,1901
南　　充,100.2,113.8,125.5,1901
银　　川,100.5,109.3,115.2,1901
遵　　义,100.5,113.1,123.9,1901
乌鲁木齐,100.3,109.7,115.3,1901
大　　理,102.0,120.3,130.8,1901
北　　京,99.9,101.3,,2401
唐　　山,99.8,98.0,,2401
天　　津,100.1,102.1,,2401
秦 皇 岛,99.7,97.0,,2401
石 家 庄,100.1,100.9,,2401
包　　头,99.7,96.9,,2401
太　　原,99.5,100.5,,2401
丹　　东,99.5,97.3,,2401
呼和浩特,99.3,99.6,,2401
锦　　州,99.6,99.2,,2401
沈　　阳,99.4,98.6,,2401
吉　　林,100.3,100.4,,2401
大　　连,100.1,96.1,,2401
牡 丹 江,99.7,96.4,,2401
长　　春,100.2,98.6,,2401
无　　锡,100.3,98.1,,2401
哈 尔 滨,99.8,98.6,,2401
徐　　州,98.8,96.5,,2401
上　　海,100.4,104.2,,2401
扬　　州,100.2,97.1,,2401
南　　京,99.5,96.4,,2401
温　　州,99.5,97.5,,2401
杭　　州,99.7,101.6,,2401
金　　华,99.1,95.4,,2401
宁　　波,99.6,100.2,,2401
蚌　　埠,99.4,98.6,,2401
合　　肥,99.4,99.4,,2401
安　　庆,99.6,97.8,,2401
福　　州,99.6,97.6,,2401
泉　　州,100.3,99.0,,2401
厦　　门,99.2,96.2,,2401
九　　江,99.2,97.3,,2401
南　　昌,99.0,97.6,,2401
赣　　州,99.6,96.5,,2401
济　　南,99.8,101.8,,2401
烟　　台,99.7,98.8,,2401
青　　岛,99.3,98.7,,2401
济　　宁,99.4,97.3,,2401
郑　　州,99.6,97.8,,2401
洛　　阳,99.6,98.3,,2401
武　　汉,99.4,99.5,,2401
平 顶 山,99.7,97.9,,2401
长　　沙,99.9,102.0,,2401
宜　　昌,99.8,97.7,,2401
广　　州,99.2,96.4,,2401
襄　　阳,99.4,98.3,,2401
深　　圳,99.3,95.9,,2401
岳　　阳,99.4,97.1,,2401
南　　宁,99.4,98.3,,2401
常　　德,99.1,97.3,,2401
海　　口,99.3,101.5,,2401
韶　　关,99.6,97.3,,2401
重　　庆,100.1,102.0,,2401
湛　　江,98.7,98.3,,2401
成　　都,100.0,104.4,,2401
惠　　州,99.6,95.3,,2401
贵　　阳,99.6,99.3,,2401
桂　　林,99.8,97.7,,2401
昆　　明,100.0,99.1,,2401
北　　海,99.6,100.6,,2401
西　　安,100.2,104.5,,2401
三　　亚,100.0,102.8,,2401
兰　　州,99.5,98.9,,2401
泸　　州,99.2,97.6,,2401
西　　宁,98.9,96.2,,2401
南　　充,99.9,98.5,,2401
银　　川,99.8,100.2,,2401
遵　　义,99.8,99.5,,2401
乌鲁木齐,99.6,99.5,,2401
大　　理,99.9,98.1,,2401
北　　京,100.8,105.8,110.6,2206
唐　　山,99.3,97.7,102.5,2206
天　　津,99.8,97.6,101.7,2206
秦 皇 岛,99.0,94.0,95.0,2206
石 家 庄,99.8,96.9,99.5,2206
包　　头,99.6,96.3,98.9,2206
太　　原,100.1,96.0,94.9,2206
丹　　东,100.0,97.6,102.1,2206
呼和浩特,99.6,97.7,100.3,2206
锦　　州,100.2,99.4,104.6,2206
沈　　阳,100.1,97.6,102.3,2206
吉　　林,100.1,99.6,102.8,2206
大　　连,99.7,98.5,104.6,2206
牡 丹 江,100.3,97.1,96.5,2206
长　　春,99.3,99.3,100.6,2206
无　　锡,100.2,101.6,107.3,2206
哈 尔 滨,99.4,93.2,93.4,2206
徐　　州,100.5,100.0,108.6,2206
上　　海,100.5,103.4,108.0,2206
扬　　州,99.7,95.8,104.2,2206
南　　京,100.4,100.6,106.2,2206
温　　州,99.4,98.7,103.1,2206
杭　　州,101.0,106.3,110.2,2206
金　　华,99.7,100.8,107.0,2206
宁　　波,100.1,100.8,105.8,2206
蚌　　埠,100.2,98.9,102.4,2206
合　　肥,100.5,99.7,105.3,2206
安　　庆,99.6,97.3,96.0,2206
福　　州,100.3,99.6,105.4,2206
泉　　州,99.4,98.1,104.9,2206
厦　　门,100.5,99.4,104.9,2206
九　　江,99.6,97.3,100.9,2206
南　　昌,99.4,100.3,101.7,2206
赣　　州,100.4,101.1,106.0,2206
济　　南,100.3,101.7,105.8,2206
烟　　台,100.2,97.9,102.1,2206
青　　岛,100.6,101.9,106.7,2206
济　　宁,99.6,98.6,107.9,2206
郑　　州,99.8,96.6,99.7,2206
洛　　阳,99.7,97.8,101.0,2206
武　　汉,99.6,97.1,103.3,2206
平 顶 山,99.9,98.7,101.8,2206
长　　沙,100.4,103.9,111.1,2206
宜　　昌,98.5,97.0,101.4,2206
广　　州,100.3,100.3,110.6,2206
襄　　阳,99.8,96.0,100.2,2206
深　　圳,100.2,103.6,107.3,2206
岳　　阳,98.4,92.9,93.1,2206
南　　宁,100.1,99.2,104.4,2206
常　　德,99.8,94.9,93.5,2206
海　　口,99.8,101.5,106.7,2206
韶　　关,99.5,95.8,98.9,2206
重　　庆,100.4,103.4,112.0,2206
湛　　江,99.3,93.0,96.4,2206
成　　都,101.3,104.5,110.2,2206
惠　　州,100.2,97.7,103.3,2206
贵　　阳,99.8,98.7,102.6,2206
桂　　林,99.9,96.4,98.7,2206
昆　　明,99.8,97.1,101.8,2206
北　　海,99.0,92.6,90.4,2206
西　　安,100.3,104.2,112.1,2206
三　　亚,99.6,101.8,107.5,2206
兰　　州,99.5,96.7,102.8,2206
泸　　州,99.5,93.7,93.7,2206
西　　宁,100.4,97.5,105.3,2206
南　　充,99.8,93.7,93.7,2206
银　　川,100.1,104.7,115.7,2206
遵　　义,100.5,98.0,100.5,2206
乌鲁木齐,99.8,102.9,107.1,2206
大　　理,99.0,93.7,92.7,2206
北　　京,100.2,105.8,112.7,2212
唐　　山,99.4,97.9,100.1,2212
天　　津,99.3,96.0,98.9,2212
秦 皇 岛,99.5,94.1,91.9,2212
石 家 庄,99.4,97.1,97.0,2212
包　　头,99.6,95.4,96.9,2212
太　　原,99.4,95.4,91.9,2212
丹　　东,99.8,95.2,100.0,2212
呼和浩特,98.6,96.9,98.3,2212
锦　　州,99.6,96.5,102.3,2212
沈　　阳,99.4,94.8,98.8,2212
吉　　林,99.5,96.2,99.3,2212
大　　连,99.6,95.1,101.5,2212
牡 丹 江,99.5,96.8,94.2,2212
长　　春,98.9,95.7,97.2,2212
无　　锡,100.4,99.7,106.1,2212
哈 尔 滨,99.6,92.4,90.3,2212
徐　　州,99.7,99.0,106.8,2212
上　　海,100.4,104.1,110.4,2212
扬　　州,100.6,96.7,104.0,2212
南　　京,99.9,100.3,106.2,2212
温　　州,99.8,93.7,99.2,2212
杭　　州,100.3,106.4,113.4,2212
金　　华,99.7,97.9,104.3,2212
宁　　波,100.2,101.8,106.8,2212
蚌　　埠,99.9,97.3,100.8,2212
合　　肥,99.9,101.6,107.8,2212
安　　庆,99.7,95.1,94.0,2212
福　　州,99.8,97.7,103.4,2212
泉　　州,100.7,96.9,103.2,2212
厦　　门,99.9,96.1,102.4,2212
九　　江,100.2,97.5,100.4,2212
南　　昌,99.7,101.8,102.4,2212
赣　　州,99.7,99.9,104.5,2212
济　　南,99.9,101.9,106.7,2212
烟　　台,99.8,98.0,101.3,2212
青　　岛,100.3,100.6,106.6,2212
济　　宁,99.7,95.3,104.5,2212
郑　　州,99.4,96.6,97.9,2212
洛　　阳,99.5,95.2,98.9,2212
武　　汉,99.9,94.4,100.0,2212
平 顶 山,100.2,97.4,100.8,2212
长　　沙,100.5,103.2,112.9,2212
宜　　昌,99.8,95.0,98.8,2212
广　　州,99.6,100.4,109.1,2212
襄　　阳,99.9,95.6,98.6,2212
深　　圳,99.7,99.8,104.5,2212
岳　　阳,99.4,91.8,89.9,2212
南　　宁,99.8,96.6,100.3,2212
常　　德,99.6,94.3,90.8,2212
海　　口,99.8,101.0,106.8,2212
韶　　关,99.4,96.5,97.3,2212
重　　庆,99.5,100.0,110.1,2212
湛　　江,99.5,91.7,92.4,2212
成　　都,100.5,109.0,113.9,2212
惠　　州,99.3,97.2,101.3,2212
贵　　阳,99.8,98.6,100.8,2212
桂　　林,99.4,95.3,95.6,2212
昆　　明,99.3,97.0,99.0,2212
北　　海,99.6,89.7,86.2,2212
西　　安,100.1,102.0,111.9,2212
三　　亚,99.8,99.2,107.3,2212
兰　　州,99.5,94.4,99.3,2212
泸　　州,99.6,95.7,92.8,2212
西　　宁,99.7,96.4,103.7,2212
南　　充,100.1,97.2,94.3,2212
银　　川,100.1,102.3,115.7,2212
遵　　义,99.5,98.7,99.2,2212
乌鲁木齐,99.7,101.7,105.8,2212
大　　理,99.7,95.4,91.6,2212
北　　京,99.7,103.3,144.4,2004
唐　　山,101.8,114.7,144.2,2004
天　　津,100.2,99.6,131.9,2004
秦 皇 岛,100.7,106.9,149.4,2004
石 家 庄,100.6,106.7,157.0,2004
包　　头,99.8,103.4,123.4,2004
太　　原,100.3,101.3,129.7,2004
丹　　东,100.6,106.2,130.9,2004
呼和浩特,100.5,113.7,152.3,2004
锦　　州,100.8,107.9,122.7,2004
沈　　阳,100.8,108.8,144.3,2004
吉　　林,100.7,108.9,137.7,2004
大　　连,100.5,105.9,138.4,2004
牡 丹 江,99.4,103.5,123.9,2004
长　　春,100.5,107.9,139.0,2004
无　　锡,100.6,109.5,156.0,2004
哈 尔 滨,101.0,108.2,145.3,2004
扬　　州,100.5,109.5,153.1,2004
上　　海,100.6,102.7,151.3,2004
徐　　州,101.0,111.6,162.6,2004
南　　京,101.8,104.5,156.3,2004
温　　州,101.0,103.3,121.2,2004
杭　　州,100.9,105.2,151.0,2004
金　　华,100.4,106.6,135.6,2004
宁　　波,100.0,105.8,139.9,2004
蚌　　埠,100.5,103.7,131.7,2004
合　　肥,99.5,101.3,160.7,2004
安　　庆,99.6,99.5,124.5,2004
福　　州,100.5,103.8,146.3,2004
泉　　州,100.3,103.6,116.4,2004
厦　　门,99.9,102.8,157.3,2004
九　　江,100.7,107.6,145.4,2004
南　　昌,100.6,102.1,141.1,2004
赣　　州,100.5,104.0,129.8,2004
济　　南,100.0,96.8,140.2,2004
烟　　台,100.3,109.2,144.6,2004
青　　岛,100.5,102.4,139.1,2004
济　　宁,100.6,107.7,136.7,2004
郑　　州,100.1,100.2,144.1,2004
洛　　阳,100.3,110.7,144.1,2004
武　　汉,99.8,108.3,161.3,2004
平 顶 山,100.0,105.6,130.4,2004
长　　沙,100.5,105.3,148.8,2004
宜　　昌,100.3,98.2,129.6,2004
广　　州,100.0,100.7,156.1,2004
襄　　阳,99.9,107.8,136.0,2004
深　　圳,100.0,104.8,152.7,2004
岳　　阳,100.5,98.0,120.4,2004
南　　宁,100.4,110.0,152.6,2004
常　　德,99.8,100.7,127.1,2004
海　　口,100.5,105.3,149.1,2004
惠　　州,100.4,105.1,142.4,2004
重　　庆,101.0,106.0,144.1,2004
湛　　江,100.0,101.5,129.0,2004
成　　都,100.7,110.3,157.8,2004
韶　　关,100.0,99.3,121.9,2004
贵　　阳,99.6,101.3,145.6,2004
桂　　林,100.5,105.5,130.8,2004
昆　　明,101.0,108.4,148.6,2004
北　　海,99.9,104.7,142.3,2004
西　　安,100.6,110.4,171.8,2004
三　　亚,100.7,105.6,155.3,2004
兰　　州,100.6,104.6,127.9,2004
泸　　州,100.0,96.2,119.8,2004
西　　宁,100.7,113.4,140.9,2004
南　　充,101.1,100.7,129.4,2004
银　　川,101.0,113.0,132.7,2004
遵　　义,100.1,101.6,129.0,2004
乌鲁木齐,100.9,100.2,117.3,2004
大　　理,100.0,110.3,149.7,2004
北　　京,100.2,104.2,147.7,2010
唐　　山,100.0,113.4,152.9,2010
天　　津,99.6,100.8,133.8,2010
秦 皇 岛,99.7,104.7,152.9,2010
石 家 庄,100.2,103.1,159.5,2010
包　　头,100.1,103.4,126.7,2010
太　　原,99.7,99.0,129.7,2010
丹　　东,100.4,106.3,134.9,2010
呼和浩特,100.6,107.0,157.3,2010
锦　　州,100.1,109.7,127.7,2010
沈　　阳,99.9,106.8,149.5,2010
吉　　林,99.8,106.3,141.0,2010
大　　连,100.3,105.1,143.0,2010
牡 丹 江,99.5,100.3,123.6,2010
长　　春,99.9,104.8,142.0,2010
无　　锡,99.9,107.8,163.3,2010
哈 尔 滨,100.1,102.8,145.5,2010
扬　　州,100.9,107.7,159.7,2010
上　　海,100.3,104.4,155.8,2010
徐　　州,100.7,111.9,173.3,2010
南　　京,100.4,104.5,160.6,2010
温　　州,100.3,105.0,126.3,2010
杭　　州,100.0,105.2,154.9,2010
金　　华,99.8,105.5,140.1,2010
宁　　波,100.1,104.9,145.1,2010
蚌　　埠,100.4,104.5,135.9,2010
合　　肥,100.5,102.2,164.5,2010
安　　庆,100.5,96.8,123.3,2010
福　　州,100.1,103.1,149.6,2010
泉　　州,100.3,105.5,121.3,2010
厦　　门,100.2,103.7,162.5,2010
九　　江,100.0,105.2,148.5,2010
南　　昌,99.6,100.2,141.4,2010
赣　　州,100.3,104.2,133.1,2010
济　　南,99.8,97.9,140.9,2010
烟　　台,100.4,106.7,149.5,2010
青　　岛,99.8,102.9,142.6,2010
济　　宁,100.6,107.2,143.8,2010
郑　　州,99.5,98.8,144.3,2010
洛　　阳,100.0,103.1,146.6,2010
武　　汉,100.4,105.8,167.4,2010
平 顶 山,100.1,103.7,133.5,2010
长　　沙,100.0,106.4,153.6,2010
宜　　昌,100.6,101.3,132.7,2010
广　　州,100.5,102.7,161.9,2010
襄　　阳,100.4,105.1,139.9,2010
深　　圳,100.2,105.1,157.6,2010
岳　　阳,99.3,100.2,121.9,2010
南　　宁,100.2,106.0,158.9,2010
常　　德,99.4,98.4,126.2,2010
海　　口,100.2,102.3,151.9,2010
惠　　州,100.3,109.0,151.7,2010
重　　庆,100.2,105.4,149.0,2010
湛　　江,100.5,100.5,131.2,2010
成　　都,100.1,108.0,163.8,2010
韶　　关,100.4,99.0,122.7,2010
贵　　阳,100.4,100.5,148.5,2010
桂　　林,100.3,101.5,131.7,2010
昆　　明,100.8,105.4,154.8,2010
北　　海,99.3,98.2,138.3,2010
西　　安,100.5,107.6,180.1,2010
三　　亚,100.7,105.9,160.4,2010
兰　　州,100.5,105.8,132.2,2010
泸　　州,99.6,99.4,121.4,2010
西　　宁,100.6,110.3,146.7,2010
南　　充,99.5,98.9,128.1,2010
银　　川,100.6,116.6,145.6,2010
遵　　义,99.9,99.8,128.6,2010
乌鲁木齐,100.5,102.5,120.7,2010
大　　理,100.0,103.5,151.0,2010
北　　京,100.4,103.6,145.6,2006
唐　　山,101.5,115.3,148.1,2006
天　　津,100.6,100.0,133.2,2006
秦 皇 岛,100.8,106.6,151.9,2006
石 家 庄,100.1,104.6,157.4,2006
包　　头,99.9,103.9,124.3,2006
太　　原,100.6,101.4,131.1,2006
丹　　东,99.8,106.0,131.0,2006
呼和浩特,100.1,112.0,153.9,2006
锦　　州,100.6,108.7,124.7,2006
沈　　阳,100.9,108.7,147.0,2006
吉　　林,100.4,108.4,138.6,2006
大　　连,100.9,105.0,140.7,2006
牡 丹 江,100.0,102.1,123.6,2006
长　　春,100.7,107.2,140.4,2006
无　　锡,100.9,109.0,158.9,2006
哈 尔 滨,100.1,106.5,145.5,2006
扬　　州,100.7,109.3,155.0,2006
上　　海,100.5,103.7,153.1,2006
徐　　州,101.1,111.2,165.8,2006
南　　京,101.0,106.1,159.9,2006
温　　州,101.1,104.5,123.5,2006
杭　　州,101.2,105.2,153.9,2006
金　　华,100.9,106.3,137.9,2006
宁　　波,100.8,106.0,142.9,2006
蚌　　埠,101.0,104.1,133.7,2006
合　　肥,100.7,101.4,161.7,2006
安　　庆,99.4,98.0,123.6,2006
福　　州,100.6,103.7,147.8,2006
泉　　州,100.8,105.2,118.4,2006
厦　　门,101.0,103.1,159.6,2006
九　　江,100.9,107.5,147.4,2006
南　　昌,100.2,102.0,141.9,2006
赣　　州,100.5,104.7,130.9,2006
济　　南,100.3,96.9,141.4,2006
烟　　台,100.5,108.1,145.9,2006
青　　岛,100.8,102.5,140.5,2006
济　　宁,100.6,106.8,138.5,2006
郑　　州,100.4,99.6,144.4,2006
洛　　阳,100.2,106.6,144.5,2006
武　　汉,101.4,107.9,164.1,2006
平 顶 山,100.7,105.2,132.0,2006
长　　沙,101.4,105.4,151.3,2006
宜　　昌,100.3,98.9,130.6,2006
广　　州,100.6,100.5,157.5,2006
襄　　阳,100.5,106.9,136.7,2006
深　　圳,100.8,105.3,154.9,2006
岳　　阳,100.6,99.0,121.7,2006
南　　宁,101.1,110.9,155.2,2006
常　　德,99.8,100.0,127.2,2006
海　　口,100.3,102.9,149.1,2006
惠　　州,101.5,106.8,146.0,2006
重　　庆,100.9,105.2,146.6,2006
湛　　江,100.0,100.2,128.8,2006
成　　都,100.9,110.0,160.1,2006
韶　　关,100.2,97.8,121.8,2006
贵　　阳,100.2,100.0,146.3,2006
桂　　林,100.3,104.2,131.7,2006
昆　　明,101.2,108.3,151.3,2006
北　　海,99.4,102.2,141.1,2006
西　　安,100.8,107.8,174.1,2006
三　　亚,100.3,104.1,155.0,2006
兰　　州,100.5,104.7,129.2,2006
泸　　州,100.5,97.2,120.8,2006
西　　宁,101.0,114.4,143.4,2006
南　　充,99.1,100.3,129.9,2006
银　　川,101.9,115.7,138.0,2006
遵　　义,100.2,100.9,129.1,2006
乌鲁木齐,101.0,100.8,119.1,2006
大　　理,99.7,106.0,149.1,2006
北　　京,100.3,102.3,147.9,2012
唐　　山,100.3,111.2,153.9,2012
天　　津,100.0,101.1,134.1,2012
秦 皇 岛,100.0,103.5,153.2,2012
石 家 庄,99.9,102.8,160.1,2012
包　　头,100.2,102.6,126.8,2012
太　　原,99.8,99.0,128.9,2012
丹　　东,100.6,106.6,136.8,2012
呼和浩特,100.2,105.1,158.3,2012
锦　　州,100.2,107.5,128.6,2012
沈　　阳,99.6,105.0,148.7,2012
吉　　林,99.7,104.1,140.1,2012
大　　连,100.2,104.8,143.3,2012
牡 丹 江,99.3,99.0,122.3,2012
长　　春,99.6,102.3,141.0,2012
无　　锡,99.7,106.3,162.5,2012
哈 尔 滨,99.4,100.8,144.2,2012
扬　　州,100.8,106.6,161.1,2012
上　　海,100.2,104.2,156.0,2012
徐　　州,100.0,110.0,173.2,2012
南　　京,100.1,104.9,161.0,2012
温　　州,100.0,104.3,125.9,2012
杭　　州,99.7,104.5,154.1,2012
金　　华,100.5,105.0,141.1,2012
宁　　波,99.8,104.4,144.9,2012
蚌　　埠,100.3,105.3,136.6,2012
合　　肥,100.7,103.6,166.6,2012
安　　庆,100.4,98.0,124.0,2012
福　　州,100.7,104.4,151.4,2012
泉　　州,100.5,105.5,122.1,2012
厦　　门,100.6,104.5,164.2,2012
九　　江,100.1,104.1,148.4,2012
南　　昌,100.5,100.8,141.4,2012
赣　　州,100.3,104.2,134.1,2012
济　　南,99.9,99.0,140.2,2012
烟　　台,100.1,105.5,149.9,2012
青　　岛,100.3,102.8,142.9,2012
济　　宁,100.4,108.3,146.2,2012
郑　　州,99.8,99.2,143.5,2012
洛　　阳,100.0,102.1,146.6,2012
武　　汉,100.3,104.5,168.1,2012
平 顶 山,100.1,103.4,134.4,2012
长　　沙,100.3,105.0,153.7,2012
宜　　昌,100.1,102.5,133.3,2012
广　　州,100.7,105.2,164.4,2012
襄　　阳,100.2,104.0,140.7,2012
深　　圳,99.9,104.1,157.4,2012
岳　　阳,100.0,101.0,121.8,2012
南　　宁,100.2,105.2,159.0,2012
常　　德,100.1,98.6,126.1,2012
海　　口,100.1,102.7,152.5,2012
惠　　州,100.4,107.6,151.9,2012
重　　庆,100.3,104.6,149.3,2012
湛　　江,99.8,100.5,131.5,2012
成　　都,99.7,106.3,163.4,2012
韶　　关,99.8,99.6,122.4,2012
贵　　阳,100.5,102.5,150.0,2012
桂　　林,100.2,100.9,131.7,2012
昆　　明,100.3,105.6,155.6,2012
北　　海,99.5,97.0,137.3,2012
西　　安,100.5,106.9,181.2,2012
三　　亚,100.5,105.7,161.8,2012
兰　　州,100.3,105.2,133.3,2012
泸　　州,99.8,99.8,120.9,2012
西　　宁,100.7,109.1,148.5,2012
南　　充,99.9,99.1,127.5,2012
银　　川,100.5,114.2,147.0,2012
遵　　义,99.9,100.1,129.0,2012
乌鲁木齐,99.5,103.1,120.3,2012
大　　理,99.8,101.7,150.5,2012
北　　京,100.7,105.8,109.3,2204
唐　　山,100.1,98.8,103.0,2204
天　　津,99.9,99.7,102.4,2204
秦 皇 岛,99.7,94.5,95.8,2204
石 家 庄,100.2,97.8,100.0,2204
包　　头,99.3,97.7,99.7,2204
太　　原,99.4,96.3,95.2,2204
丹　　东,99.1,97.9,102.1,2204
呼和浩特,99.5,98.6,100.6,2204
锦　　州,98.5,100.0,104.0,2204
沈　　阳,99.8,99.2,102.4,2204
吉　　林,100.0,100.9,103.4,2204
大　　连,99.9,101.2,105.2,2204
牡 丹 江,100.0,97.0,95.9,2204
长　　春,100.0,100.6,101.5,2204
无　　锡,99.9,103.6,107.4,2204
哈 尔 滨,99.3,94.4,94.3,2204
徐　　州,99.5,100.7,107.8,2204
上　　海,100.0,103.8,107.5,2204
扬　　州,99.0,98.7,105.2,2204
南　　京,99.5,102.4,106.4,2204
温　　州,99.2,101.1,104.3,2204
杭　　州,100.6,106.3,108.7,2204
金　　华,100.3,102.3,107.5,2204
宁　　波,99.7,102.0,105.9,2204
蚌　　埠,98.8,99.3,102.6,2204
合　　肥,99.9,99.5,104.8,2204
安　　庆,99.5,97.7,96.9,2204
福　　州,99.4,100.4,105.3,2204
泉　　州,99.8,100.5,106.3,2204
厦　　门,99.5,101.0,104.9,2204
九　　江,99.8,98.7,101.6,2204
南　　昌,100.5,100.7,102.2,2204
赣　　州,100.1,101.4,105.4,2204
济　　南,99.8,103.5,105.0,2204
烟　　台,99.6,99.0,102.5,2204
青　　岛,100.1,102.6,105.9,2204
济　　宁,100.2,100.7,108.2,2204
郑　　州,99.7,98.4,100.0,2204
洛　　阳,99.3,99.9,102.0,2204
武　　汉,99.2,99.7,104.5,2204
平 顶 山,99.9,99.4,102.1,2204
长　　沙,100.3,105.5,110.5,2204
宜　　昌,99.8,99.5,102.9,2204
广　　州,100.1,102.0,109.8,2204
襄　　阳,98.8,97.4,100.9,2204
深　　圳,99.9,103.9,106.4,2204
岳　　阳,98.7,95.0,95.1,2204
南　　宁,100.2,99.9,104.0,2204
常　　德,99.0,94.8,94.2,2204
海　　口,100.4,102.3,106.3,2204
韶　　关,99.0,97.4,99.4,2204
重　　庆,99.6,106.1,111.7,2204
湛　　江,98.8,95.3,98.3,2204
成　　都,100.8,102.9,107.8,2204
惠　　州,99.6,99.1,103.5,2204
贵　　阳,100.8,99.2,103.1,2204
桂　　林,99.5,97.3,98.8,2204
昆　　明,99.9,97.1,102.5,2204
北　　海,98.4,95.0,92.0,2204
西　　安,100.2,105.2,111.5,2204
三　　亚,99.6,103.4,108.2,2204
兰　　州,99.3,98.4,103.6,2204
泸　　州,99.3,95.3,95.0,2204
西　　宁,100.0,99.8,106.0,2204
南　　充,99.2,94.4,94.9,2204
银　　川,100.1,106.2,115.3,2204
遵　　义,99.8,98.8,100.4,2204
乌鲁木齐,100.6,103.2,106.6,2204
大　　理,99.3,93.9,93.9,2204
北　　京,100.4,105.9,112.4,2210
唐　　山,99.8,99.2,101.5,2210
天　　津,99.7,95.9,100.2,2210
秦 皇 岛,99.3,93.6,92.6,2210
石 家 庄,99.3,95.9,97.7,2210
包　　头,100.0,95.2,97.6,2210
太　　原,99.6,95.3,93.1,2210
丹　　东,99.9,95.0,100.3,2210
呼和浩特,100.0,97.7,99.7,2210
锦　　州,99.1,96.4,102.8,2210
沈　　阳,99.4,95.2,100.1,2210
吉　　林,99.7,96.8,100.2,2210
大　　连,98.8,95.4,102.4,2210
牡 丹 江,98.9,97.1,95.6,2210
长　　春,99.3,96.9,99.1,2210
无　　锡,99.2,98.8,106.0,2210
哈 尔 滨,99.4,92.2,91.4,2210
徐　　州,99.5,99.2,107.6,2210
上　　海,100.3,104.0,109.7,2210
扬　　州,99.6,95.6,103.7,2210
南　　京,99.5,99.9,106.0,2210
温　　州,99.3,94.9,100.3,2210
杭　　州,100.3,106.4,112.3,2210
金　　华,99.4,98.3,105.0,2210
宁　　波,100.4,100.9,106.5,2210
蚌　　埠,99.9,97.5,101.5,2210
合　　肥,100.6,101.5,107.8,2210
安　　庆,100.1,95.3,94.3,2210
福　　州,99.5,97.9,103.9,2210
泉　　州,99.4,94.6,102.0,2210
厦　　门,99.3,96.1,102.8,2210
九　　江,99.6,96.8,100.6,2210
南　　昌,99.9,101.5,102.7,2210
赣　　州,99.4,100.9,105.3,2210
济　　南,100.1,101.5,106.8,2210
烟　　台,99.8,97.3,101.2,2210
青　　岛,99.8,100.1,106.5,2210
济　　宁,99.4,95.8,105.9,2210
郑　　州,99.5,96.2,98.8,2210
洛　　阳,99.3,95.2,99.7,2210
武　　汉,99.4,93.6,100.2,2210
平 顶 山,99.7,97.0,100.9,2210
长　　沙,100.2,102.7,111.9,2210
宜　　昌,99.1,94.9,99.2,2210
广　　州,99.7,100.2,110.1,2210
襄　　阳,99.9,94.6,99.3,2210
深　　圳,99.3,100.5,105.4,2210
岳　　阳,99.2,92.6,90.8,2210
南　　宁,99.0,97.0,101.1,2210
常　　德,99.5,94.4,91.4,2210
海　　口,99.9,100.5,107.2,2210
韶　　关,99.7,97.0,98.5,2210
重　　庆,99.4,100.8,110.9,2210
湛　　江,99.4,91.3,93.3,2210
成　　都,100.3,107.2,112.8,2210
惠　　州,99.3,97.9,102.2,2210
贵　　阳,99.6,98.0,101.8,2210
桂　　林,99.7,96.5,96.9,2210
昆　　明,99.2,97.3,99.5,2210
北　　海,99.3,89.3,86.8,2210
西　　安,99.7,101.8,112.1,2210
三　　亚,99.9,100.1,107.3,2210
兰　　州,99.6,94.2,99.9,2210
泸　　州,99.7,94.9,92.8,2210
西　　宁,99.4,95.3,104.1,2210
南　　充,101.0,95.3,93.8,2210
银　　川,99.8,102.7,116.4,2210
遵　　义,99.4,98.5,99.5,2210
乌鲁木齐,99.8,101.2,106.1,2210
大　　理,99.5,94.3,91.8,2210
北　　京,99.8,102.9,138.6,1902
唐　　山,100.5,113.2,123.9,1902
天　　津,100.4,101.4,131.1,1902
秦 皇 岛,100.9,118.7,135.3,1902
石 家 庄,101.1,116.6,144.6,1902
包　　头,100.6,111.1,117.5,1902
太　　原,100.8,112.6,126.6,1902
丹　　东,100.6,118.4,120.3,1902
呼和浩特,100.8,123.0,132.9,1902
锦　　州,99.7,112.8,111.5,1902
沈　　阳,100.5,112.3,130.6,1902
吉　　林,100.5,114.3,125.0,1902
大　　连,101.8,113.3,128.5,1902
牡 丹 江,100.5,113.5,119.0,1902
长　　春,100.7,112.7,127.7,1902
无　　锡,99.7,106.1,141.0,1902
哈 尔 滨,100.6,115.2,131.9,1902
扬　　州,100.4,113.3,137.9,1902
上　　海,100.3,101.5,147.0,1902
徐　　州,101.2,118.2,144.0,1902
南　　京,100.0,101.8,148.6,1902
温　　州,100.3,101.8,116.2,1902
杭　　州,100.5,106.6,141.6,1902
金　　华,100.4,105.6,125.6,1902
宁　　波,100.6,106.7,129.9,1902
蚌　　埠,99.7,107.6,125.9,1902
合　　肥,100.8,106.0,156.9,1902
安　　庆,100.2,108.9,123.7,1902
福　　州,100.1,108.9,139.4,1902
泉　　州,99.6,101.1,111.8,1902
厦　　门,100.2,100.0,151.1,1902
九　　江,100.5,110.0,133.3,1902
南　　昌,100.1,110.3,136.3,1902
赣　　州,100.0,107.8,125.4,1902
济　　南,100.6,116.4,142.2,1902
烟　　台,100.5,113.5,130.8,1902
青　　岛,100.3,114.2,134.7,1902
济　　宁,101.3,114.1,125.4,1902
郑　　州,100.0,109.9,142.7,1902
洛　　阳,100.5,112.7,128.6,1902
武　　汉,101.1,112.5,146.5,1902
平 顶 山,101.1,108.2,121.3,1902
长　　沙,100.2,111.3,141.0,1902
宜　　昌,100.8,113.0,130.4,1902
广　　州,101.1,111.3,152.2,1902
襄　　阳,100.7,114.7,124.7,1902
深　　圳,100.0,100.5,145.6,1902
岳　　阳,99.6,107.2,122.4,1902
南　　宁,100.6,110.4,136.4,1902
常　　德,99.9,110.8,123.3,1902
海　　口,100.3,118.8,139.6,1902
惠　　州,99.8,102.9,135.1,1902
重　　庆,100.7,112.2,133.6,1902
湛　　江,100.7,108.0,126.0,1902
成　　都,100.7,114.2,141.0,1902
韶　　关,99.9,105.9,123.2,1902
贵　　阳,101.3,120.5,141.4,1902
桂　　林,100.6,110.1,123.4,1902
昆　　明,100.8,116.2,134.4,1902
北　　海,100.6,112.8,132.8,1902
西　　安,101.1,124.2,152.4,1902
三　　亚,100.1,113.6,145.4,1902
兰　　州,100.3,110.9,122.1,1902
泸　　州,100.4,111.9,123.9,1902
西　　宁,102.3,113.5,122.4,1902
南　　充,100.3,112.3,126.0,1902
银　　川,100.7,109.5,116.0,1902
遵　　义,101.2,113.7,125.4,1902
乌鲁木齐,100.6,108.9,116.0,1902
大　　理,101.8,121.4,133.2,1902
北　　京,99.9,101.0,101.1,2402
唐　　山,99.6,97.2,97.6,2402
天　　津,100.4,101.5,101.8,2402
秦 皇 岛,99.7,96.9,96.9,2402
石 家 庄,100.1,100.8,100.9,2402
包　　头,99.4,95.9,96.4,2402
太　　原,99.9,99.9,100.2,2402
丹　　东,99.7,97.3,97.3,2402
呼和浩特,99.7,98.8,99.2,2402
锦　　州,99.9,99.3,99.3,2402
沈　　阳,99.3,98.1,98.4,2402
吉　　林,99.6,99.8,100.1,2402
大　　连,99.5,95.9,96.0,2402
牡 丹 江,99.9,96.5,96.4,2402
长　　春,99.5,98.4,98.5,2402
无　　锡,100.4,98.2,98.2,2402
哈 尔 滨,99.4,97.9,98.3,2402
徐　　州,99.5,95.5,96.0,2402
上　　海,100.2,104.2,104.2,2402
扬　　州,99.9,96.6,96.8,2402
南　　京,98.9,95.2,95.8,2402
温　　州,99.4,96.6,97.1,2402
杭　　州,99.8,101.2,101.4,2402
金　　华,99.2,94.1,94.8,2402
宁　　波,99.6,98.9,99.5,2402
蚌　　埠,99.3,97.7,98.1,2402
合　　肥,99.7,98.8,99.1,2402
安　　庆,99.4,96.8,97.3,2402
福　　州,99.3,96.5,97.0,2402
泉　　州,100.1,99.5,99.3,2402
厦　　门,99.3,95.4,95.8,2402
九　　江,99.3,96.4,96.8,2402
南　　昌,99.6,96.9,97.3,2402
赣　　州,99.8,96.4,96.5,2402
济　　南,99.6,100.5,101.2,2402
烟　　台,99.7,98.0,98.4,2402
青　　岛,99.7,97.9,98.3,2402
济　　宁,99.5,96.9,97.1,2402
郑　　州,99.5,96.7,97.2,2402
洛　　阳,99.5,97.4,97.8,2402
武　　汉,99.5,98.4,98.9,2402
平 顶 山,99.8,97.8,97.9,2402
长　　沙,99.7,101.7,101.9,2402
宜　　昌,99.6,96.7,97.2,2402
广　　州,99.2,95.4,95.9,2402
襄　　阳,99.1,97.3,97.8,2402
深　　圳,99.5,95.2,95.6,2402
岳　　阳,99.6,96.7,96.9,2402
南　　宁,99.3,97.1,97.7,2402
常　　德,99.4,96.6,96.9,2402
海　　口,99.5,100.7,101.1,2402
韶　　关,99.4,96.5,96.9,2402
重　　庆,100.0,101.2,101.6,2402
湛　　江,99.0,95.9,97.1,2402
成　　都,99.9,103.6,104.0,2402
惠　　州,100.0,95.0,95.2,2402
贵　　阳,99.7,99.3,99.3,2402
桂　　林,99.5,96.5,97.1,2402
昆　　明,100.2,98.4,98.7,2402
北　　海,100.4,100.4,100.5,2402
西　　安,100.3,104.8,104.7,2402
三　　亚,99.7,101.9,102.4,2402
兰　　州,99.4,97.8,98.4,2402
泸　　州,99.1,96.6,97.1,2402
西　　宁,99.8,95.7,96.0,2402
南　　充,99.8,98.5,98.5,2402
银　　川,99.4,99.1,99.7,2402
遵　　义,99.6,98.4,99.0,2402
乌鲁木齐,100.0,99.1,99.3,2402
大　　理,99.7,97.5,97.8,2402
北　　京,100.0,100.8,101.0,2403
唐　　山,99.6,96.5,97.2,2403
天　　津,99.7,100.5,101.3,2403
秦 皇 岛,99.5,96.2,96.7,2403
石 家 庄,99.9,100.0,100.6,2403
包　　头,99.6,95.6,96.1,2403
太　　原,100.3,100.1,100.2,2403
丹　　东,99.6,97.5,97.4,2403
呼和浩特,99.6,97.9,98.8,2403
锦　　州,99.9,99.0,99.2,2403
沈　　阳,99.7,97.3,98.0,2403
吉　　林,100.2,99.2,99.8,2403
大　　连,99.6,95.9,96.0,2403
牡 丹 江,99.6,96.7,96.5,2403
长　　春,99.5,97.6,98.2,2403
无　　锡,99.7,97.6,98.0,2403
哈 尔 滨,99.6,97.1,97.9,2403
徐　　州,99.2,93.9,95.3,2403
上　　海,100.5,104.3,104.2,2403
扬　　州,99.4,95.5,96.4,2403
南　　京,98.8,93.5,95.0,2403
温　　州,99.2,95.8,96.6,2403
杭　　州,100.0,101.0,101.3,2403
金　　华,98.6,92.6,94.0,2403
宁　　波,99.4,97.7,98.9,2403
蚌　　埠,99.6,97.0,97.7,2403
合　　肥,99.8,98.3,98.8,2403
安　　庆,99.4,95.6,96.7,2403
福　　州,99.8,96.0,96.7,2403
泉　　州,99.8,99.9,99.5,2403
厦　　门,99.4,94.4,95.3,2403
九　　江,99.4,95.5,96.4,2403
南　　昌,99.6,95.9,96.8,2403
赣　　州,99.9,96.3,96.4,2403
济　　南,99.6,99.5,100.6,2403
烟　　台,99.6,97.1,97.9,2403
青　　岛,99.7,97.1,97.9,2403
济　　宁,99.6,96.1,96.8,2403
郑　　州,99.3,95.1,96.5,2403
洛　　阳,99.7,96.7,97.4,2403
武　　汉,99.2,96.4,98.1,2403
平 顶 山,100.1,97.5,97.8,2403
长　　沙,99.5,100.7,101.5,2403
宜　　昌,99.4,95.8,96.7,2403
广　　州,99.3,94.5,95.5,2403
襄　　阳,99.3,96.3,97.3,2403
深　　圳,99.6,94.5,95.2,2403
岳　　阳,99.7,95.9,96.6,2403
南　　宁,99.2,95.4,96.9,2403
常　　德,99.6,95.7,96.5,2403
海　　口,99.9,100.1,100.8,2403
韶　　关,99.7,95.6,96.5,2403
重　　庆,100.3,100.5,101.2,2403
湛　　江,99.4,94.5,96.2,2403
成　　都,99.9,102.7,103.5,2403
惠　　州,99.4,94.2,94.8,2403
贵　　阳,99.7,98.3,99.0,2403
桂　　林,100.1,96.5,96.9,2403
昆　　明,99.1,96.3,97.9,2403
北　　海,100.4,99.8,100.3,2403
西　　安,100.4,104.8,104.7,2403
三　　亚,99.7,101.0,101.9,2403
兰　　州,99.9,97.1,98.0,2403
泸　　州,99.3,95.5,96.6,2403
西　　宁,99.7,95.2,95.7,2403
南　　充,100.1,98.0,98.3,2403
银　　川,99.6,98.1,99.1,2403
遵　　义,100.2,97.7,98.5,2403
乌鲁木齐,99.7,98.1,98.9,2403
大　　理,100.2,97.2,97.6,2403
北　　京,100.4,103.2,139.1,1903
唐　　山,100.9,113.3,125.1,1903
天　　津,100.3,101.8,131.6,1903
秦 皇 岛,101.4,118.8,137.2,1903
石 家 庄,101.3,117.3,146.5,1903
包　　头,100.8,111.3,118.4,1903
太　　原,100.5,112.4,127.3,1903
丹　　东,101.9,120.2,122.6,1903
呼和浩特,100.3,122.8,133.3,1903
锦　　州,101.5,113.5,113.1,1903
沈　　阳,100.8,112.7,131.7,1903
吉　　林,100.6,114.7,125.7,1903
大　　连,101.0,113.7,129.8,1903
牡 丹 江,100.2,113.2,119.3,1903
长　　春,100.3,111.8,128.0,1903
无　　锡,101.0,107.3,142.4,1903
哈 尔 滨,101.0,115.2,133.2,1903
扬　　州,100.9,113.7,139.1,1903
上　　海,99.9,101.2,146.9,1903
徐　　州,100.4,117.8,144.6,1903
南　　京,100.1,102.3,148.7,1903
温　　州,100.9,102.8,117.3,1903
杭　　州,100.4,106.6,142.1,1903
金　　华,100.4,105.7,126.0,1903
宁　　波,101.1,107.6,131.4,1903
蚌　　埠,100.3,108.2,126.3,1903
合　　肥,100.6,106.7,157.9,1903
安　　庆,101.0,110.0,125.0,1903
福　　州,100.4,109.8,140.0,1903
泉　　州,100.1,101.1,111.9,1903
厦　　门,100.6,100.7,152.0,1903
九　　江,100.6,110.1,134.2,1903
南　　昌,100.6,110.3,137.2,1903
赣　　州,99.7,107.2,125.1,1903
济　　南,100.8,117.2,143.3,1903
烟　　台,100.6,113.7,131.5,1903
青　　岛,100.5,114.3,135.3,1903
济　　宁,100.5,114.3,126.1,1903
郑　　州,100.4,110.5,143.3,1903
洛　　阳,100.2,112.4,128.8,1903
武　　汉,100.7,113.4,147.5,1903
平 顶 山,101.3,109.5,122.8,1903
长　　沙,100.0,111.0,141.0,1903
宜　　昌,100.6,112.7,131.2,1903
广　　州,100.8,111.9,153.4,1903
襄　　阳,100.4,115.1,125.2,1903
深　　圳,99.7,100.3,145.2,1903
岳　　阳,100.2,106.6,122.6,1903
南　　宁,100.8,110.8,137.6,1903
常　　德,101.5,112.4,125.1,1903
海　　口,100.5,116.9,140.3,1903
惠　　州,100.1,103.0,135.2,1903
重　　庆,100.6,112.1,134.4,1903
湛　　江,100.5,108.2,126.6,1903
成　　都,100.7,114.7,142.0,1903
韶　　关,99.7,105.0,122.8,1903
贵　　阳,100.8,120.6,142.5,1903
桂　　林,100.6,110.0,124.1,1903
昆　　明,100.8,116.2,135.5,1903
北　　海,101.1,113.2,134.3,1903
西　　安,101.0,124.4,153.9,1903
三　　亚,100.3,113.1,145.9,1903
兰　　州,100.1,110.6,122.2,1903
泸　　州,100.2,111.8,124.2,1903
西　　宁,100.9,114.6,123.6,1903
南　　充,101.0,112.8,127.3,1903
银　　川,100.7,109.4,116.7,1903
遵　　义,100.5,113.3,126.1,1903
乌鲁木齐,100.4,108.4,116.5,1903
大　　理,101.3,121.9,135.0,1903
北　　京,100.1,105.7,112.5,2211
唐　　山,99.3,98.7,100.7,2211
天　　津,99.4,96.0,99.6,2211
秦 皇 岛,99.7,93.7,92.3,2211
石 家 庄,99.8,96.8,97.5,2211
包　　头,99.7,95.3,97.3,2211
太　　原,99.3,95.1,92.5,2211
丹　　东,99.9,95.1,100.2,2211
呼和浩特,100.0,98.2,99.7,2211
锦　　州,99.8,96.7,102.6,2211
沈　　阳,99.3,94.9,99.4,2211
吉　　林,99.5,96.7,99.7,2211
大　　连,99.5,95.1,101.9,2211
牡 丹 江,99.0,96.7,94.6,2211
长　　春,99.2,96.5,98.3,2211
无　　锡,99.7,98.8,105.6,2211
哈 尔 滨,99.1,92.0,90.6,2211
徐　　州,99.5,98.9,107.1,2211
上　　海,100.3,104.0,110.0,2211
扬　　州,99.8,96.1,103.5,2211
南　　京,100.3,100.6,106.3,2211
温　　州,99.2,94.2,99.5,2211
杭　　州,100.7,106.6,113.0,2211
金　　华,99.5,98.1,104.5,2211
宁　　波,100.1,101.2,106.6,2211
蚌　　埠,99.4,97.2,100.9,2211
合　　肥,100.1,101.9,107.9,2211
安　　庆,99.9,95.4,94.3,2211
福　　州,99.7,98.0,103.6,2211
泉　　州,100.5,95.5,102.5,2211
厦　　门,99.8,96.4,102.5,2211
九　　江,99.7,96.9,100.2,2211
南　　昌,99.9,101.9,102.7,2211
赣　　州,99.6,100.6,104.8,2211
济　　南,99.9,102.0,106.8,2211
烟　　台,100.3,97.9,101.5,2211
青　　岛,99.8,100.2,106.2,2211
济　　宁,98.9,95.1,104.8,2211
郑　　州,99.6,96.4,98.4,2211
洛　　阳,99.6,95.0,99.3,2211
武　　汉,99.8,94.2,100.0,2211
平 顶 山,99.8,97.1,100.7,2211
长　　沙,100.5,103.0,112.4,2211
宜　　昌,99.8,94.9,99.0,2211
广　　州,99.5,100.2,109.5,2211
襄　　阳,99.5,94.7,98.8,2211
深　　圳,99.5,100.0,104.9,2211
岳　　阳,99.6,92.0,90.5,2211
南　　宁,99.4,96.5,100.5,2211
常　　德,99.7,94.3,91.1,2211
海　　口,99.8,100.8,107.0,2211
韶　　关,99.3,96.5,97.8,2211
重　　庆,99.7,100.7,110.6,2211
湛　　江,99.5,91.2,92.9,2211
成　　都,100.5,108.0,113.4,2211
惠　　州,99.8,97.6,102.0,2211
贵　　阳,99.2,98.4,101.0,2211
桂　　林,99.2,96.2,96.1,2211
昆　　明,100.2,97.5,99.7,2211
北　　海,99.6,89.4,86.5,2211
西　　安,99.7,101.4,111.7,2211
三　　亚,100.2,99.5,107.5,2211
兰　　州,99.9,94.5,99.8,2211
泸　　州,100.4,96.0,93.2,2211
西　　宁,100.0,95.7,104.1,2211
南　　充,100.5,96.4,94.2,2211
银　　川,99.3,101.8,115.6,2211
遵　　义,100.3,99.3,99.7,2211
乌鲁木齐,100.0,101.7,106.1,2211
大　　理,100.1,95.3,91.8,2211
北　　京,100.4,105.9,109.7,2205
唐　　山,100.2,98.8,103.2,2205
天　　津,99.5,98.6,101.9,2205
秦 皇 岛,100.2,94.7,96.0,2205
石 家 庄,99.7,97.1,99.7,2205
包　　头,99.5,96.6,99.3,2205
太　　原,99.7,95.7,94.8,2205
丹　　东,100.0,97.7,102.1,2205
呼和浩特,100.1,98.3,100.7,2205
锦　　州,100.4,99.7,104.4,2205
沈　　阳,99.9,98.2,102.2,2205
吉　　林,99.4,100.0,102.8,2205
大　　连,99.8,99.8,104.9,2205
牡 丹 江,100.3,97.0,96.3,2205
长　　春,99.8,100.1,101.3,2205
无　　锡,99.8,102.6,107.1,2205
哈 尔 滨,99.6,93.6,94.0,2205
徐　　州,100.2,100.2,108.1,2205
上　　海,100.0,103.4,107.5,2205
扬　　州,99.3,97.2,104.5,2205
南　　京,99.4,101.0,105.8,2205
温　　州,99.5,99.8,103.7,2205
杭　　州,100.4,106.1,109.1,2205
金　　华,99.9,101.7,107.4,2205
宁　　波,99.7,101.3,105.7,2205
蚌　　埠,99.6,99.2,102.2,2205
合　　肥,100.1,99.4,104.8,2205
安　　庆,99.5,97.5,96.4,2205
福　　州,99.8,99.7,105.1,2205
泉　　州,99.3,99.2,105.6,2205
厦　　门,99.6,99.7,104.4,2205
九　　江,99.7,98.1,101.4,2205
南　　昌,100.1,100.9,102.3,2205
赣　　州,100.2,101.1,105.6,2205
济　　南,100.5,102.9,105.5,2205
烟　　台,99.4,98.1,101.9,2205
青　　岛,100.2,102.0,106.1,2205
济　　宁,100.1,99.7,108.3,2205
郑　　州,99.9,97.5,99.9,2205
洛　　阳,99.3,98.5,101.3,2205
武　　汉,99.2,98.2,103.7,2205
平 顶 山,99.8,98.9,101.9,2205
长　　沙,100.2,104.8,110.6,2205
宜　　昌,100.1,99.0,103.0,2205
广　　州,100.5,101.0,110.3,2205
襄　　阳,99.5,96.6,100.5,2205
深　　圳,100.5,103.9,107.0,2205
岳　　阳,99.5,94.1,94.7,2205
南　　宁,100.2,99.6,104.2,2205
常　　德,99.4,94.6,93.7,2205
海　　口,100.5,102.4,106.8,2205
韶　　关,100.1,97.1,99.5,2205
重　　庆,99.8,103.9,111.5,2205
湛　　江,98.7,93.5,97.1,2205
成　　都,100.9,103.4,108.7,2205
惠　　州,99.7,98.1,103.1,2205
贵　　阳,99.8,98.7,102.8,2205
桂　　林,99.9,96.7,98.7,2205
昆　　明,99.5,96.6,102.0,2205
北　　海,99.2,93.7,91.2,2205
西　　安,100.3,104.9,111.8,2205
三　　亚,99.8,102.8,107.9,2205
兰　　州,99.7,97.7,103.3,2205
泸　　州,99.2,94.0,94.2,2205
西　　宁,98.9,98.0,104.9,2205
南　　充,98.8,93.5,93.8,2205
银　　川,100.2,105.4,115.6,2205
遵　　义,99.5,97.7,99.9,2205
乌鲁木齐,100.7,103.2,107.3,2205
大　　理,99.7,94.0,93.6,2205
北　　京,100.3,103.3,146.1,2007
唐　　山,101.4,116.1,150.1,2007
天　　津,100.5,100.7,133.9,2007
秦 皇 岛,100.1,106.0,152.0,2007
石 家 庄,100.3,104.9,157.9,2007
包　　头,100.5,104.3,124.9,2007
太　　原,99.9,101.2,131.0,2007
丹　　东,101.0,106.7,132.3,2007
呼和浩特,100.6,111.8,154.9,2007
锦　　州,101.1,109.7,126.1,2007
沈　　阳,100.8,109.0,148.2,2007
吉　　林,100.3,108.0,139.0,2007
大　　连,100.5,104.5,141.4,2007
牡 丹 江,99.6,100.8,123.1,2007
长　　春,100.3,107.3,140.9,2007
无　　锡,101.3,109.6,161.1,2007
哈 尔 滨,100.0,106.0,145.4,2007
扬　　州,100.9,109.1,156.3,2007
上　　海,100.4,104.2,153.7,2007
徐　　州,101.6,111.6,168.4,2007
南　　京,100.1,104.9,160.0,2007
温　　州,100.7,105.1,124.3,2007
杭　　州,100.2,104.9,154.3,2007
金　　华,100.4,105.4,138.5,2007
宁　　波,100.4,105.7,143.5,2007
蚌　　埠,100.3,103.8,134.2,2007
合　　肥,100.4,101.1,162.3,2007
安　　庆,99.7,97.7,123.2,2007
福　　州,100.4,103.6,148.4,2007
泉　　州,100.5,105.2,119.0,2007
厦　　门,100.7,102.4,160.7,2007
九　　江,100.3,107.3,147.9,2007
南　　昌,100.2,101.7,142.2,2007
赣　　州,100.7,104.5,131.9,2007
济　　南,100.1,96.8,141.6,2007
烟　　台,100.5,107.5,146.6,2007
青　　岛,100.4,102.3,141.2,2007
济　　宁,101.1,107.4,140.0,2007
郑　　州,100.0,99.3,144.4,2007
洛　　阳,100.8,106.9,145.7,2007
武　　汉,100.7,107.4,165.2,2007
平 顶 山,100.4,103.9,132.5,2007
长　　沙,100.5,105.7,152.0,2007
宜　　昌,100.7,99.3,131.5,2007
广　　州,100.8,101.0,158.8,2007
襄　　阳,100.8,107.0,137.7,2007
深　　圳,100.6,105.9,155.9,2007
岳　　阳,100.2,99.1,121.9,2007
南　　宁,100.7,111.2,156.4,2007
常　　德,100.3,100.3,127.6,2007
海　　口,100.4,102.4,149.7,2007
惠　　州,101.0,107.3,147.4,2007
重　　庆,100.5,104.6,147.3,2007
湛　　江,100.3,100.1,129.2,2007
成　　都,100.9,109.6,161.6,2007
韶　　关,100.0,97.1,121.9,2007
贵　　阳,100.3,99.1,146.6,2007
桂　　林,100.0,103.1,131.7,2007
昆　　明,100.3,107.5,151.8,2007
北　　海,99.7,101.2,140.8,2007
西　　安,100.9,107.3,175.8,2007
三　　亚,100.9,104.6,156.5,2007
兰　　州,100.6,104.5,129.9,2007
泸　　州,100.2,97.4,121.0,2007
西　　宁,100.0,113.2,143.5,2007
南　　充,99.6,100.2,129.5,2007
银　　川,102.0,117.6,140.7,2007
遵　　义,99.6,100.5,128.6,2007
乌鲁木齐,100.6,101.3,119.9,2007
大　　理,100.4,104.9,149.6,2007
北　　京,100.0,104.1,144.8,2003
唐　　山,100.9,113.2,141.6,2003
天　　津,99.9,100.1,131.7,2003
秦 皇 岛,100.4,108.1,148.3,2003
石 家 庄,100.2,106.5,156.0,2003
包　　头,100.1,104.4,123.7,2003
太　　原,100.1,101.7,129.4,2003
丹　　东,100.4,106.2,130.2,2003
呼和浩特,100.1,113.7,151.5,2003
锦　　州,100.2,107.5,121.7,2003
沈　　阳,100.4,108.7,143.2,2003
吉　　林,100.5,108.8,136.9,2003
大　　连,100.2,106.1,137.7,2003
牡 丹 江,99.9,104.5,124.7,2003
长　　春,100.4,108.0,138.3,2003
无　　锡,100.5,109.0,155.2,2003
哈 尔 滨,100.3,108.1,143.9,2003
扬　　州,100.4,109.5,152.4,2003
上　　海,100.1,102.4,150.4,2003
徐　　州,100.6,111.3,161.0,2003
南　　京,100.2,103.3,153.6,2003
温　　州,99.4,102.4,120.0,2003
杭　　州,101.3,105.4,149.8,2003
金　　华,100.0,107.1,135.0,2003
宁　　波,100.3,106.5,139.9,2003
蚌　　埠,100.4,103.8,131.1,2003
合　　肥,100.1,102.3,161.5,2003
安　　庆,99.4,100.0,125.0,2003
福　　州,100.4,104.0,145.6,2003
泉　　州,100.4,103.7,116.1,2003
厦　　门,100.0,103.5,157.4,2003
九　　江,99.8,107.7,144.5,2003
南　　昌,99.7,102.3,140.4,2003
赣　　州,99.9,103.2,129.1,2003
济　　南,99.6,97.8,140.2,2003
烟　　台,100.3,109.6,144.1,2003
青　　岛,99.5,102.3,138.5,2003
济　　宁,100.4,107.8,135.9,2003
郑　　州,99.8,100.5,144.0,2003
洛　　阳,99.9,111.5,143.7,2003
武　　汉,100.0,109.5,161.6,2003
平 顶 山,100.1,106.2,130.4,2003
长　　沙,100.3,105.0,148.1,2003
宜　　昌,99.7,98.4,129.2,2003
广　　州,99.5,101.7,156.0,2003
襄　　阳,100.0,108.7,136.1,2003
深　　圳,100.5,105.2,152.7,2003
岳　　阳,100.0,97.7,119.8,2003
南　　宁,100.2,110.5,152.1,2003
常　　德,99.6,101.8,127.3,2003
海　　口,100.0,105.8,148.5,2003
惠　　州,99.8,104.9,141.9,2003
重　　庆,100.3,106.2,142.7,2003
湛　　江,99.3,101.9,129.1,2003
成　　都,100.5,110.5,156.8,2003
韶　　关,99.9,99.2,121.9,2003
贵　　阳,99.9,102.6,146.2,2003
桂　　林,99.8,104.9,130.2,2003
昆　　明,100.0,108.6,147.2,2003
北　　海,100.0,106.0,142.4,2003
西　　安,100.5,111.0,170.9,2003
三　　亚,99.5,105.8,154.3,2003
兰　　州,99.8,104.1,127.2,2003
泸　　州,99.8,96.4,119.8,2003
西　　宁,101.4,113.2,139.8,2003
南　　充,100.5,100.5,127.9,2003
银　　川,101.1,112.5,131.4,2003
遵　　义,100.2,102.2,128.8,2003
乌鲁木齐,100.0,99.9,116.3,2003
大　　理,100.3,110.9,149.7,2003
北　　京,101.0,105.5,107.5,2201
唐　　山,100.7,99.0,102.9,2201
天　　津,99.3,101.3,102.2,2201
秦 皇 岛,99.5,96.1,97.1,2201
石 家 庄,99.6,98.0,99.4,2201
包　　头,99.8,99.8,101.3,2201
太　　原,99.9,97.4,96.2,2201
丹　　东,99.3,100.8,104.2,2201
呼和浩特,99.9,98.9,101.4,2201
锦　　州,99.8,102.5,105.8,2201
沈　　阳,99.4,101.2,103.5,2201
吉　　林,100.1,102.5,103.2,2201
大　　连,99.8,104.3,106.5,2201
牡 丹 江,99.6,98.2,96.8,2201
长　　春,100.2,100.9,101.9,2201
无　　锡,100.3,104.5,106.7,2201
哈 尔 滨,98.8,97.5,96.6,2201
徐　　州,100.8,104.0,108.7,2201
上　　海,100.6,104.2,106.7,2201
扬　　州,99.5,102.7,107.0,2201
南　　京,100.1,104.0,106.0,2201
温　　州,100.7,104.3,106.7,2201
杭　　州,100.3,105.8,106.8,2201
金　　华,100.0,103.0,106.6,2201
宁　　波,100.4,103.3,105.4,2201
蚌　　埠,100.0,100.5,103.5,2201
合　　肥,99.9,102.5,106.1,2201
安　　庆,99.7,98.2,98.5,2201
福　　州,100.4,103.2,106.2,2201
泉　　州,100.1,103.0,106.6,2201
厦　　门,99.6,103.3,106.2,2201
九　　江,99.4,101.0,102.4,2201
南　　昌,100.3,100.5,100.9,2201
赣　　州,100.1,101.9,104.7,2201
济　　南,100.1,105.0,104.8,2201
烟　　台,99.6,100.8,103.0,2201
青　　岛,99.6,103.7,105.5,2201
济　　宁,99.5,103.7,109.1,2201
郑　　州,99.8,101.5,101.2,2201
洛　　阳,99.7,102.3,103.6,2201
武　　汉,100.3,103.2,106.2,2201
平 顶 山,99.8,101.3,103.3,2201
长　　沙,100.1,106.9,109.4,2201
宜　　昌,99.8,102.1,103.7,2201
广　　州,100.5,104.5,109.2,2201
襄　　阳,99.2,100.1,102.4,2201
深　　圳,100.5,103.5,105.3,2201
岳　　阳,99.9,97.8,97.9,2201
南　　宁,100.4,101.8,104.4,2201
常　　德,99.4,96.9,95.7,2201
海　　口,99.9,103.7,105.7,2201
韶　　关,99.3,99.7,100.1,2201
重　　庆,100.9,108.3,111.0,2201
湛　　江,99.2,98.6,99.9,2201
成　　都,101.0,102.5,105.5,2201
惠　　州,99.8,100.4,104.0,2201
贵　　阳,100.3,100.3,102.5,2201
桂　　林,99.9,99.9,100.2,2201
昆　　明,100.4,99.4,102.4,2201
北　　海,99.8,98.5,95.9,2201
西　　安,100.0,105.9,109.7,2201
三　　亚,100.7,105.4,109.0,2201
兰　　州,99.8,101.6,105.0,2201
泸　　州,99.5,96.9,96.5,2201
西　　宁,99.7,102.7,107.2,2201
南　　充,99.4,97.6,96.4,2201
银　　川,101.5,107.7,114.9,2201
遵　　义,99.4,99.4,99.9,2201
乌鲁木齐,100.2,102.6,104.2,2201
大　　理,99.5,95.5,95.5,2201
北　　京,100.6,104.3,141.4,1907
唐　　山,100.7,112.7,129.3,1907
天　　津,99.7,101.9,132.9,1907
秦 皇 岛,100.7,120.0,143.4,1907
石 家 庄,100.0,116.0,150.5,1907
包　　头,100.1,108.0,119.8,1907
太　　原,100.1,110.0,129.4,1907
丹　　东,100.4,109.1,124.0,1907
呼和浩特,100.8,120.3,138.6,1907
锦　　州,100.1,113.0,114.9,1907
沈　　阳,100.6,110.5,136.0,1907
吉　　林,100.6,113.0,128.7,1907
大　　连,101.0,112.2,135.4,1907
牡 丹 江,100.9,111.1,122.2,1907
长　　春,100.2,109.4,131.3,1907
无　　锡,100.8,109.7,146.9,1907
哈 尔 滨,100.4,111.7,137.2,1907
扬　　州,101.0,111.7,143.2,1907
上　　海,99.9,101.9,147.5,1907
徐　　州,101.2,116.9,150.9,1907
南　　京,101.2,105.7,152.5,1907
温　　州,100.0,102.9,118.2,1907
杭　　州,100.5,108.8,147.1,1907
金　　华,101.3,106.6,131.4,1907
宁　　波,100.7,108.2,135.7,1907
蚌　　埠,100.6,108.6,129.2,1907
合　　肥,100.6,107.8,160.5,1907
安　　庆,100.0,109.7,126.2,1907
福　　州,100.5,109.9,143.2,1907
泉　　州,100.6,101.9,113.1,1907
厦　　门,101.4,102.6,156.9,1907
九　　江,100.5,110.1,137.8,1907
南　　昌,100.5,107.8,139.9,1907
赣　　州,100.9,106.3,126.2,1907
济　　南,100.3,111.6,146.2,1907
烟　　台,101.0,111.4,136.4,1907
青　　岛,100.7,109.3,138.0,1907
济　　宁,100.4,113.4,130.3,1907
郑　　州,100.3,106.4,145.4,1907
洛　　阳,100.5,116.1,136.3,1907
武　　汉,101.1,114.6,153.8,1907
平 顶 山,101.6,110.8,127.5,1907
长　　沙,100.2,106.1,143.8,1907
宜　　昌,100.3,107.8,132.4,1907
广　　州,100.3,110.2,157.3,1907
襄　　阳,100.7,114.0,128.7,1907
深　　圳,100.0,100.9,147.2,1907
岳　　阳,100.1,104.0,123.0,1907
南　　宁,100.5,109.7,140.7,1907
常　　德,100.0,112.3,127.2,1907
海　　口,101.0,110.1,146.2,1907
惠　　州,100.4,103.2,137.3,1907
重　　庆,101.0,111.7,140.7,1907
湛　　江,100.4,108.4,129.0,1907
成　　都,101.3,113.3,147.4,1907
韶　　关,100.8,105.2,125.5,1907
贵　　阳,101.1,119.4,147.9,1907
桂　　林,101.1,110.6,127.8,1907
昆　　明,101.0,113.5,141.2,1907
北　　海,100.7,113.1,139.1,1907
西　　安,101.4,125.3,163.8,1907
三　　亚,100.4,103.8,149.6,1907
兰　　州,100.7,109.0,124.3,1907
泸　　州,100.0,108.7,124.3,1907
西　　宁,101.1,114.0,126.8,1907
南　　充,99.7,109.7,129.2,1907
银　　川,100.3,108.5,119.6,1907
遵　　义,100.0,111.1,127.9,1907
乌鲁木齐,100.2,106.4,118.3,1907
大　　理,101.5,122.7,142.6,1907
北　　京,99.5,96.7,99.3,2407
唐　　山,99.0,93.3,95.5,2407
天　　津,99.8,98.8,100.1,2407
秦 皇 岛,99.2,93.9,95.5,2407
石 家 庄,99.6,97.1,99.0,2407
包　　头,99.1,93.7,95.0,2407
太　　原,100.0,99.3,99.8,2407
丹　　东,99.8,94.9,96.3,2407
呼和浩特,99.9,95.8,97.4,2407
锦　　州,99.6,96.2,98.0,2407
沈　　阳,99.8,96.0,97.0,2407
吉　　林,100.0,96.7,98.0,2407
大　　连,99.5,94.5,95.4,2407
牡 丹 江,98.7,93.0,95.3,2407
长　　春,99.9,96.6,97.3,2407
无　　锡,99.7,96.8,97.1,2407
哈 尔 滨,99.3,93.8,96.1,2407
徐　　州,99.4,90.4,93.2,2407
上　　海,100.2,104.4,104.3,2407
扬　　州,99.5,93.0,94.9,2407
南　　京,99.3,90.0,92.8,2407
温　　州,98.1,91.5,94.8,2407
杭　　州,99.7,98.5,100.1,2407
金　　华,98.6,90.6,92.5,2407
宁　　波,99.3,92.1,95.8,2407
蚌　　埠,99.5,94.5,96.2,2407
合　　肥,99.0,95.7,97.6,2407
安　　庆,99.2,93.0,95.0,2407
福　　州,98.9,93.3,95.3,2407
泉　　州,98.6,95.8,98.5,2407
厦　　门,98.7,89.9,93.1,2407
九　　江,99.1,91.1,94.1,2407
南　　昌,99.4,93.4,95.3,2407
赣　　州,98.6,93.6,95.4,2407
济　　南,99.5,96.2,98.7,2407
烟　　台,99.5,94.5,96.3,2407
青　　岛,99.3,93.8,96.2,2407
济　　宁,99.4,93.8,95.6,2407
郑　　州,99.2,93.1,94.7,2407
洛　　阳,99.1,94.4,96.2,2407
武　　汉,99.6,91.9,95.1,2407
平 顶 山,99.9,97.0,97.3,2407
长　　沙,99.2,96.9,99.6,2407
宜　　昌,99.6,95.8,96.0,2407
广　　州,99.2,90.1,93.2,2407
襄　　阳,99.3,93.8,95.7,2407
深　　圳,99.1,92.0,93.7,2407
岳　　阳,99.1,94.3,95.5,2407
南　　宁,99.4,92.7,94.7,2407
常　　德,98.8,92.2,94.8,2407
海　　口,99.5,97.2,99.3,2407
韶　　关,99.1,93.1,94.9,2407
重　　庆,98.7,95.1,98.7,2407
湛　　江,98.7,90.0,93.4,2407
成　　都,99.4,98.2,101.3,2407
惠　　州,99.6,93.1,93.7,2407
贵　　阳,99.0,96.5,97.9,2407
桂　　林,99.8,95.9,96.1,2407
昆　　明,99.7,94.2,96.1,2407
北　　海,99.7,96.7,98.8,2407
西　　安,100.2,103.4,104.2,2407
三　　亚,99.3,98.1,100.3,2407
兰　　州,98.7,92.2,95.8,2407
泸　　州,99.5,93.2,94.9,2407
西　　宁,99.6,93.1,94.5,2407
南　　充,99.3,96.6,97.7,2407
银　　川,99.6,94.8,97.1,2407
遵　　义,99.7,96.4,97.7,2407
乌鲁木齐,99.5,96.4,97.7,2407
大　　理,99.4,96.0,97.2,2407
北　　京,99.4,97.6,99.7,2406
唐　　山,99.4,93.9,95.9,2406
天　　津,99.7,98.8,100.3,2406
秦 皇 岛,98.9,94.1,95.8,2406
石 家 庄,99.5,97.3,99.3,2406
包　　头,99.1,94.0,95.3,2406
太　　原,99.7,99.4,99.9,2406
丹　　东,99.5,95.3,96.6,2406
呼和浩特,99.4,95.9,97.7,2406
锦　　州,99.4,96.7,98.3,2406
沈　　阳,99.0,95.6,97.1,2406
吉　　林,100.2,96.0,98.2,2406
大　　连,98.9,94.3,95.6,2406
牡 丹 江,99.4,94.0,95.7,2406
长　　春,99.4,95.9,97.4,2406
无　　锡,100.0,96.5,97.2,2406
哈 尔 滨,99.1,94.1,96.5,2406
徐　　州,98.9,91.2,93.7,2406
上　　海,100.4,104.4,104.3,2406
扬　　州,99.8,93.3,95.2,2406
南　　京,98.8,90.6,93.2,2406
温　　州,98.6,93.0,95.4,2406
杭　　州,99.7,98.8,100.4,2406
金　　华,99.2,91.1,92.9,2406
宁　　波,98.4,92.3,96.5,2406
蚌　　埠,99.3,94.8,96.5,2406
合　　肥,99.3,96.4,97.9,2406
安　　庆,99.7,93.7,95.4,2406
福　　州,99.3,93.9,95.6,2406
泉　　州,98.4,97.2,98.9,2406
厦　　门,98.1,90.6,93.6,2406
九　　江,98.9,91.8,94.6,2406
南　　昌,99.5,93.7,95.6,2406
赣　　州,99.1,94.5,95.7,2406
济　　南,99.4,96.8,99.1,2406
烟　　台,99.4,94.6,96.6,2406
青　　岛,99.2,94.4,96.6,2406
济　　宁,99.5,94.5,95.9,2406
郑　　州,99.3,93.2,95.0,2406
洛　　阳,99.1,95.0,96.5,2406
武　　汉,98.9,92.1,95.7,2406
平 顶 山,99.5,96.7,97.4,2406
长　　沙,99.6,97.8,100.0,2406
宜　　昌,99.8,95.3,96.0,2406
广　　州,98.8,90.7,93.7,2406
襄　　阳,99.6,93.9,96.0,2406
深　　圳,99.3,92.3,94.0,2406
岳　　阳,99.3,94.5,95.7,2406
南　　宁,99.5,92.5,95.1,2406
常　　德,99.7,93.5,95.2,2406
海　　口,99.6,97.8,99.7,2406
韶　　关,100.0,93.6,95.2,2406
重　　庆,99.1,96.6,99.4,2406
湛　　江,99.3,90.9,94.0,2406
成　　都,99.0,99.0,101.9,2406
惠　　州,99.2,92.9,93.8,2406
贵　　阳,99.6,97.0,98.2,2406
桂　　林,99.6,95.5,96.2,2406
昆　　明,99.3,94.4,96.4,2406
北　　海,99.6,97.2,99.1,2406
西　　安,100.2,103.7,104.3,2406
三　　亚,100.1,99.0,100.7,2406
兰　　州,98.5,93.5,96.4,2406
泸　　州,99.3,93.2,95.1,2406
西　　宁,99.2,93.1,94.8,2406
南　　充,99.2,97.0,97.9,2406
银　　川,99.3,94.7,97.4,2406
遵　　义,99.2,96.9,97.9,2406
乌鲁木齐,99.3,96.7,98.0,2406
大　　理,99.0,96.9,97.3,2406
北　　京,99.9,94.6,97.6,2412
唐　　山,99.6,92.4,94.2,2412
天　　津,100.2,97.7,99.1,2412
秦 皇 岛,99.7,92.7,94.5,2412
石 家 庄,99.6,96.6,98.3,2412
包　　头,99.7,93.2,94.4,2412
太　　原,100.0,100.2,99.8,2412
丹　　东,99.6,94.0,95.5,2412
呼和浩特,99.2,94.1,96.4,2412
锦　　州,99.6,95.4,96.7,2412
沈　　阳,100.2,95.9,96.3,2412
吉　　林,99.5,95.0,96.9,2412
大　　连,99.9,94.1,94.8,2412
牡 丹 江,99.8,92.9,94.3,2412
长　　春,99.5,96.2,96.9,2412
无　　锡,100.2,96.4,96.7,2412
哈 尔 滨,99.5,93.6,95.1,2412
徐　　州,99.9,93.2,92.7,2412
上　　海,100.5,105.3,104.6,2412
扬　　州,100.0,94.3,94.4,2412
南　　京,100.6,94.0,92.4,2412
温　　州,99.6,89.7,92.6,2412
杭　　州,100.4,98.0,99.1,2412
金　　华,99.8,88.8,91.1,2412
宁　　波,100.5,91.8,93.9,2412
蚌　　埠,99.8,93.1,95.0,2412
合　　肥,99.8,93.7,96.2,2412
安　　庆,99.5,93.4,94.1,2412
福　　州,100.1,91.7,93.6,2412
泉　　州,100.4,92.2,96.1,2412
厦　　门,100.3,91.3,91.7,2412
九　　江,99.7,91.9,93.2,2412
南　　昌,99.8,93.6,94.4,2412
赣　　州,100.3,94.1,94.6,2412
济　　南,99.9,93.7,96.8,2412
烟　　台,99.7,94.2,95.2,2412
青　　岛,100.3,94.1,95.0,2412
济　　宁,99.6,94.3,94.8,2412
郑　　州,100.4,93.9,94.1,2412
洛　　阳,99.9,93.7,95.1,2412
武　　汉,100.4,92.0,93.4,2412
平 顶 山,100.2,98.4,97.5,2412
长　　沙,100.1,93.4,97.3,2412
宜　　昌,99.8,94.8,95.5,2412
广　　州,99.9,90.9,91.9,2412
襄　　阳,99.8,93.0,94.6,2412
深　　圳,100.2,93.9,93.2,2412
岳　　阳,99.5,93.2,94.6,2412
南　　宁,100.3,92.3,93.6,2412
常　　德,100.0,91.4,93.4,2412
海　　口,99.5,94.8,97.6,2412
韶　　关,99.4,94.1,94.3,2412
重　　庆,99.7,94.5,96.8,2412
湛　　江,99.4,92.2,92.4,2412
成　　都,100.6,96.0,99.0,2412
惠　　州,100.1,93.3,93.3,2412
贵　　阳,99.9,94.9,96.7,2412
桂　　林,99.7,96.3,96.1,2412
昆　　明,99.8,92.1,94.5,2412
北　　海,99.8,95.0,97.1,2412
西　　安,99.7,99.6,102.9,2412
三　　亚,100.6,96.3,98.6,2412
兰　　州,99.8,91.9,94.0,2412
泸　　州,99.8,92.0,93.7,2412
西　　宁,99.3,93.8,94.1,2412
南　　充,100.4,97.3,97.3,2412
银　　川,100.0,95.5,96.0,2412
遵　　义,99.9,96.3,97.1,2412
乌鲁木齐,100.1,97.0,97.2,2412
大　　理,99.9,93.9,96.0,2412
北　　京,99.9,103.9,140.6,1906
唐　　山,101.3,113.9,128.5,1906
天　　津,100.4,102.2,133.3,1906
秦 皇 岛,101.1,120.3,142.5,1906
石 家 庄,101.0,118.3,150.4,1906
包　　头,99.7,109.9,119.7,1906
太　　原,100.6,111.2,129.3,1906
丹　　东,99.8,109.2,123.5,1906
呼和浩特,101.8,122.2,137.4,1906
锦　　州,100.2,113.4,114.8,1906
沈　　阳,101.0,111.3,135.2,1906
吉　　林,100.4,114.0,127.9,1906
大　　连,101.2,112.2,134.0,1906
牡 丹 江,100.2,111.8,121.1,1906
长　　春,101.3,110.2,131.1,1906
无　　锡,100.9,110.4,145.8,1906
哈 尔 滨,101.1,113.7,136.6,1906
扬　　州,100.9,113.6,141.8,1906
上　　海,100.3,102.0,147.7,1906
徐　　州,101.0,118.2,149.1,1906
南　　京,100.1,104.3,150.8,1906
温　　州,100.0,103.0,118.2,1906
杭　　州,101.1,109.1,146.3,1906
金　　华,100.5,106.4,129.8,1906
宁　　波,100.8,108.4,134.8,1906
蚌　　埠,100.5,110.2,128.5,1906
合　　肥,100.4,107.7,159.5,1906
安　　庆,100.3,110.3,126.2,1906
福　　州,100.3,110.8,142.6,1906
泉　　州,100.1,101.3,112.5,1906
厦　　门,100.8,101.2,154.7,1906
九　　江,100.8,110.7,137.1,1906
南　　昌,100.1,109.2,139.1,1906
赣　　州,100.0,106.0,125.1,1906
济　　南,100.3,114.5,145.8,1906
烟　　台,101.1,113.4,135.0,1906
青　　岛,100.2,110.8,137.1,1906
济　　宁,101.2,114.5,129.7,1906
郑　　州,100.5,107.5,145.0,1906
洛　　阳,102.5,116.7,135.6,1906
武　　汉,101.0,114.6,152.2,1906
平 顶 山,101.0,109.9,125.5,1906
长　　沙,100.7,108.8,143.5,1906
宜　　昌,99.6,110.6,132.0,1906
广　　州,100.3,110.5,156.7,1906
襄　　阳,100.7,115.7,127.8,1906
深　　圳,100.5,101.3,147.1,1906
岳　　阳,100.2,104.9,122.9,1906
南　　宁,100.5,110.1,140.0,1906
常　　德,100.5,112.3,127.2,1906
海　　口,101.1,111.6,144.8,1906
惠　　州,100.5,103.2,136.8,1906
重　　庆,100.7,112.1,139.4,1906
湛　　江,100.5,109.0,128.5,1906
成　　都,101.3,113.0,145.6,1906
韶　　关,100.4,104.8,124.6,1906
贵　　阳,100.8,120.1,146.3,1906
桂　　林,101.2,110.0,126.4,1906
昆　　明,101.2,115.7,139.8,1906
北　　海,100.7,112.8,138.1,1906
西　　安,101.7,125.2,161.5,1906
三　　亚,100.8,107.2,148.9,1906
兰　　州,100.3,109.1,123.4,1906
泸　　州,99.8,109.2,124.3,1906
西　　宁,100.5,113.3,125.4,1906
南　　充,100.1,110.9,129.5,1906
银　　川,101.0,109.1,119.2,1906
遵　　义,100.4,112.2,128.0,1906
乌鲁木齐,100.8,106.5,118.2,1906
大　　理,101.8,122.9,140.6,1906
北　　京,100.4,104.8,144.6,1912
唐　　山,100.8,112.9,138.4,1912
天　　津,99.9,101.4,132.6,1912
秦 皇 岛,100.4,112.2,148.0,1912
石 家 庄,100.7,109.5,155.7,1912
包　　头,100.8,106.3,123.6,1912
太　　原,99.2,104.6,130.1,1912
丹　　东,100.5,107.7,128.3,1912
呼和浩特,100.9,115.9,150.6,1912
锦　　州,101.2,108.9,119.6,1912
沈　　阳,100.5,109.3,141.5,1912
吉　　林,100.7,110.2,134.6,1912
大　　连,100.3,108.2,136.7,1912
牡 丹 江,100.3,106.0,123.6,1912
长　　春,100.8,109.4,137.8,1912
无　　锡,100.5,108.7,153.0,1912
哈 尔 滨,100.5,110.1,143.1,1912
扬　　州,101.3,111.1,151.1,1912
上　　海,100.0,102.3,149.7,1912
徐　　州,101.2,111.6,157.4,1912
南　　京,100.0,104.1,153.4,1912
温　　州,100.0,104.2,120.7,1912
杭　　州,100.3,105.0,147.5,1912
金　　华,100.4,108.4,134.4,1912
宁　　波,100.4,108.3,138.8,1912
蚌　　埠,99.8,102.7,129.7,1912
合　　肥,100.2,103.9,160.8,1912
安　　庆,99.8,102.9,126.5,1912
福　　州,99.8,104.2,145.0,1912
泉　　州,100.6,103.0,115.7,1912
厦　　门,100.6,103.9,157.2,1912
九　　江,100.7,108.1,142.5,1912
南　　昌,100.1,103.5,140.4,1912
赣　　州,100.5,103.0,128.7,1912
济　　南,99.2,100.5,141.7,1912
烟　　台,100.9,110.0,142.2,1912
青　　岛,100.3,104.2,138.9,1912
济　　宁,100.1,109.8,135.0,1912
郑　　州,99.6,101.7,144.7,1912
洛　　阳,100.4,114.0,143.7,1912
武　　汉,100.9,111.8,160.9,1912
平 顶 山,100.5,108.5,129.9,1912
长　　沙,101.0,104.5,146.3,1912
宜　　昌,99.7,101.3,130.1,1912
广　　州,99.7,104.7,156.3,1912
襄　　阳,100.9,110.2,135.3,1912
深　　圳,100.7,103.6,151.2,1912
岳　　阳,99.5,97.8,120.6,1912
南　　宁,100.6,112.7,151.2,1912
常　　德,99.9,104.0,127.9,1912
海　　口,100.3,108.0,148.5,1912
惠　　州,100.9,103.9,141.2,1912
重　　庆,100.5,108.1,142.7,1912
湛　　江,100.8,104.3,130.9,1912
成　　都,100.5,110.6,153.7,1912
韶　　关,99.6,100.2,123.0,1912
贵　　阳,99.6,106.5,146.4,1912
桂　　林,100.2,107.4,130.5,1912
昆　　明,99.7,111.1,147.3,1912
北　　海,100.5,107.6,141.6,1912
西　　安,100.7,114.2,169.6,1912
三　　亚,100.7,105.4,153.1,1912
兰　　州,100.4,104.9,126.8,1912
泸　　州,99.6,99.1,121.2,1912
西　　宁,101.0,113.8,136.1,1912
南　　充,99.5,102.6,128.7,1912
银　　川,101.2,112.3,128.7,1912
遵　　义,100.5,104.5,128.9,1912
乌鲁木齐,100.0,101.5,116.7,1912
大　　理,100.6,115.4,148.1,1912
北　　京,100.1,104.4,144.8,2002
唐　　山,100.2,113.2,140.3,2002
天　　津,99.6,100.5,131.8,2002
秦 皇 岛,99.7,109.1,147.7,2002
石 家 庄,100.0,107.6,155.6,2002
包　　头,99.9,105.1,123.5,2002
太　　原,100.0,102.1,129.3,2002
丹　　东,100.5,107.8,129.6,2002
呼和浩特,100.0,113.9,151.3,2002
锦　　州,100.1,108.9,121.4,2002
沈　　阳,100.5,109.2,142.7,2002
吉　　林,100.2,109.0,136.2,2002
大　　连,100.4,106.9,137.3,2002
牡 丹 江,100.3,104.9,124.8,2002
长　　春,99.9,107.8,137.6,2002
无　　锡,100.2,109.5,154.4,2002
哈 尔 滨,100.0,108.8,143.5,2002
扬　　州,100.0,110.1,151.8,2002
上　　海,100.0,102.3,150.4,2002
徐　　州,100.8,111.1,160.0,2002
南　　京,99.9,103.2,153.4,2002
温　　州,99.7,103.9,120.7,2002
杭　　州,99.9,104.4,147.8,2002
金　　华,100.0,107.5,134.9,2002
宁　　波,99.8,107.4,139.5,2002
蚌　　埠,100.0,103.7,130.6,2002
合　　肥,100.0,102.9,161.4,2002
安　　庆,99.8,101.7,125.7,2002
福　　州,100.6,104.0,145.0,2002
泉　　州,99.6,103.5,115.6,2002
厦　　门,100.0,104.2,157.4,2002
九　　江,100.4,108.6,144.7,2002
南　　昌,100.0,103.3,140.7,2002
赣　　州,100.3,103.0,129.2,2002
济　　南,99.8,99.0,140.7,2002
烟　　台,100.6,109.9,143.7,2002
青　　岛,100.0,103.3,139.1,2002
济　　宁,100.0,107.9,135.4,2002
郑　　州,99.7,101.1,144.2,2002
洛　　阳,100.1,111.9,143.9,2002
武　　汉,100.0,110.3,161.6,2002
平 顶 山,100.0,107.4,130.2,2002
长　　沙,100.3,104.7,147.7,2002
宜　　昌,100.0,99.3,129.5,2002
广　　州,99.9,103.0,156.8,2002
襄　　阳,100.0,109.2,136.1,2002
深　　圳,100.0,104.3,151.9,2002
岳　　阳,99.6,97.9,119.7,2002
南　　宁,100.0,111.3,151.8,2002
常　　德,100.2,103.7,127.8,2002
海　　口,100.0,106.3,148.4,2002
惠　　州,100.0,105.2,142.1,2002
重　　庆,99.7,106.5,142.3,2002
湛　　江,99.8,103.1,130.0,2002
成　　都,101.2,110.6,156.0,2002
韶　　关,99.5,99.1,122.1,2002
贵　　阳,100.5,103.6,146.4,2002
桂　　林,99.7,105.7,130.4,2002
昆　　明,99.8,109.5,147.1,2002
北　　海,100.1,107.2,142.4,2002
西　　安,100.0,111.6,170.1,2002
三　　亚,100.0,106.6,155.1,2002
兰　　州,100.0,104.5,127.5,2002
泸　　州,99.3,96.8,120.0,2002
西　　宁,100.5,112.7,137.9,2002
南　　充,99.4,101.1,127.3,2002
银　　川,100.0,112.0,129.9,2002
遵　　义,99.6,102.5,128.6,2002
乌鲁木齐,99.8,100.3,116.4,2002
大　　理,100.0,112.1,149.3,2002
北　　京,100.6,105.5,108.2,2202
唐　　山,100.0,99.2,102.9,2202
天　　津,100.1,101.0,102.3,2202
秦 皇 岛,99.8,96.0,96.9,2202
石 家 庄,100.0,98.3,99.5,2202
包　　头,99.7,99.8,101.0,2202
太　　原,99.6,97.1,95.9,2202
丹　　东,99.6,99.9,103.8,2202
呼和浩特,99.8,98.9,101.2,2202
锦　　州,99.4,101.3,105.2,2202
沈　　阳,99.4,100.6,102.9,2202
吉　　林,100.2,102.0,103.4,2202
大　　连,99.6,103.6,106.1,2202
牡 丹 江,99.4,97.8,96.3,2202
长　　春,99.7,100.8,101.5,2202
无　　锡,100.5,104.9,107.3,2202
哈 尔 滨,99.1,96.2,95.7,2202
徐　　州,99.9,102.6,108.6,2202
上　　海,100.5,104.1,107.2,2202
扬　　州,99.6,101.7,106.6,2202
南　　京,100.7,104.1,106.8,2202
温　　州,99.2,103.3,105.8,2202
杭　　州,100.4,106.0,107.3,2202
金　　华,100.1,102.7,106.7,2202
宁　　波,100.7,103.5,106.1,2202
蚌　　埠,100.1,100.4,103.7,2202
合　　肥,99.3,101.2,105.3,2202
安　　庆,99.4,98.1,98.0,2202
福　　州,100.3,103.1,106.5,2202
泉　　州,100.4,102.6,107.0,2202
厦　　门,99.5,102.3,105.7,2202
九　　江,99.6,99.8,102.0,2202
南　　昌,100.4,100.8,101.2,2202
赣　　州,100.3,101.6,105.1,2202
济　　南,100.1,104.8,104.9,2202
烟　　台,100.1,100.6,103.1,2202
青　　岛,100.0,103.4,105.5,2202
济　　宁,99.4,102.4,108.4,2202
郑　　州,99.8,100.8,101.0,2202
洛　　阳,99.6,101.9,103.2,2202
武　　汉,99.5,102.4,105.7,2202
平 顶 山,99.3,100.3,102.6,2202
长　　沙,100.2,106.0,109.6,2202
宜　　昌,99.6,101.2,103.3,2202
广　　州,100.6,104.2,109.9,2202
襄　　阳,99.5,99.5,102.0,2202
深　　圳,100.4,103.8,105.7,2202
岳　　阳,99.2,96.7,97.1,2202
南　　宁,99.6,100.9,103.9,2202
常　　德,99.3,96.0,95.0,2202
海　　口,99.7,102.8,105.4,2202
韶　　关,99.7,98.8,99.8,2202
重　　庆,100.6,108.5,111.7,2202
湛　　江,100.4,98.2,100.3,2202
成　　都,100.7,102.5,106.2,2202
惠　　州,100.4,100.6,104.4,2202
贵　　阳,99.6,99.5,102.1,2202
桂　　林,99.8,99.2,99.9,2202
昆　　明,100.5,99.2,102.9,2202
北　　海,97.9,96.7,93.9,2202
西　　安,101.0,106.1,110.8,2202
三　　亚,99.8,105.0,108.8,2202
兰　　州,99.7,100.6,104.7,2202
泸　　州,99.5,96.8,96.0,2202
西　　宁,99.2,101.2,106.3,2202
南　　充,99.1,95.9,95.5,2202
银　　川,99.9,106.8,114.8,2202
遵　　义,100.3,99.1,100.2,2202
乌鲁木齐,100.7,102.3,104.9,2202
大　　理,99.4,95.1,95.0,2202
北　　京,100.5,103.5,139.8,1904
唐　　山,100.5,113.2,125.7,1904
天　　津,100.7,102.4,132.5,1904
秦 皇 岛,101.8,120.1,139.8,1904
石 家 庄,100.5,117.6,147.2,1904
包　　头,100.7,111.5,119.3,1904
太　　原,100.6,111.6,128.1,1904
丹　　东,100.6,118.5,123.3,1904
呼和浩特,100.5,122.3,134.0,1904
锦　　州,100.5,113.3,113.7,1904
沈　　阳,100.7,112.5,132.6,1904
吉　　林,100.6,114.7,126.5,1904
大　　连,100.7,113.2,130.7,1904
牡 丹 江,100.4,112.8,119.8,1904
长　　春,100.6,111.4,128.8,1904
无　　锡,100.1,107.7,142.6,1904
哈 尔 滨,100.9,114.6,134.3,1904
扬　　州,100.5,113.3,139.9,1904
上　　海,100.3,101.5,147.3,1904
徐　　州,100.8,117.8,145.8,1904
南　　京,100.5,103.0,149.5,1904
温　　州,100.1,102.9,117.3,1904
杭　　州,101.0,107.7,143.6,1904
金　　华,100.9,105.3,127.2,1904
宁　　波,100.6,107.1,132.1,1904
蚌　　埠,100.6,108.8,127.0,1904
合　　肥,100.4,107.4,158.6,1904
安　　庆,100.1,110.4,125.1,1904
福　　州,100.7,110.6,140.9,1904
泉　　州,100.3,101.4,112.3,1904
厦　　门,100.6,101.1,153.0,1904
九　　江,100.7,110.7,135.2,1904
南　　昌,100.8,110.9,138.2,1904
赣　　州,99.9,106.9,124.9,1904
济　　南,101.0,118.2,144.8,1904
烟　　台,100.7,113.1,132.4,1904
青　　岛,100.4,114.7,135.9,1904
济　　宁,100.7,114.4,127.0,1904
郑　　州,100.5,110.4,143.9,1904
洛　　阳,101.0,112.7,130.2,1904
武　　汉,101.0,114.8,148.9,1904
平 顶 山,100.6,108.8,123.5,1904
长　　沙,100.2,110.9,141.3,1904
宜　　昌,100.6,112.9,132.0,1904
广　　州,101.1,113.3,155.1,1904
襄　　阳,100.7,115.2,126.1,1904
深　　圳,100.4,100.7,145.8,1904
岳　　阳,100.2,106.5,122.8,1904
南　　宁,100.9,111.5,138.8,1904
常　　德,100.9,112.9,126.2,1904
海　　口,100.9,115.7,141.6,1904
惠　　州,100.2,103.0,135.5,1904
重　　庆,101.2,112.2,135.9,1904
湛　　江,100.4,108.4,127.1,1904
成　　都,100.8,115.4,143.1,1904
韶　　关,99.9,104.4,122.7,1904
贵　　阳,100.9,120.1,143.8,1904
桂　　林,100.0,109.2,124.0,1904
昆　　明,101.2,116.8,137.1,1904
北　　海,101.2,113.6,135.8,1904
西　　安,101.1,123.8,155.6,1904
三　　亚,100.9,112.0,147.1,1904
兰　　州,100.1,110.2,122.3,1904
泸　　州,100.2,111.6,124.5,1904
西　　宁,100.5,115.3,124.2,1904
南　　充,100.9,112.7,128.5,1904
银　　川,100.5,109.4,117.4,1904
遵　　义,100.6,113.1,126.9,1904
乌鲁木齐,100.6,107.9,117.1,1904
大　　理,100.5,121.0,135.7,1904
北　　京,99.8,104.3,141.8,1910
唐　　山,101.7,111.3,134.8,1910
天　　津,99.6,101.3,132.8,1910
秦 皇 岛,100.9,114.1,146.0,1910
石 家 庄,100.5,113.1,154.7,1910
包　　头,100.6,105.8,122.5,1910
太　　原,100.0,107.7,131.0,1910
丹　　东,100.8,109.7,127.0,1910
呼和浩特,102.4,118.7,146.9,1910
锦　　州,101.0,110.2,116.4,1910
沈　　阳,101.2,109.4,140.0,1910
吉　　林,100.9,110.8,132.6,1910
大　　连,100.3,110.2,136.0,1910
牡 丹 江,100.5,107.2,123.2,1910
长　　春,101.3,110.7,135.4,1910
无　　锡,100.8,108.3,151.4,1910
哈 尔 滨,101.4,110.5,141.5,1910
扬　　州,100.6,111.3,148.3,1910
上　　海,100.4,103.0,149.2,1910
徐　　州,100.7,112.7,154.9,1910
南　　京,100.2,105.7,153.6,1910
温　　州,100.9,103.8,120.3,1910
杭　　州,99.8,106.7,147.2,1910
金　　华,100.0,106.6,132.8,1910
宁　　波,100.3,107.8,138.3,1910
蚌　　埠,100.2,104.8,130.1,1910
合　　肥,99.7,104.8,161.0,1910
安　　庆,100.3,104.7,127.4,1910
福　　州,100.2,106.6,145.0,1910
泉　　州,101.0,102.5,115.0,1910
厦　　门,99.3,102.7,156.6,1910
九　　江,100.8,109.6,141.1,1910
南　　昌,99.9,105.9,141.0,1910
赣　　州,100.4,103.8,127.8,1910
济　　南,99.0,104.6,143.8,1910
烟　　台,100.8,111.0,140.2,1910
青　　岛,99.8,107.0,138.6,1910
济　　宁,100.7,112.1,134.2,1910
郑　　州,100.0,103.8,146.1,1910
洛　　阳,101.6,116.4,142.1,1910
武　　汉,101.0,113.2,158.3,1910
平 顶 山,100.6,109.3,128.7,1910
长　　沙,100.1,103.8,144.4,1910
宜　　昌,99.7,103.7,131.1,1910
广　　州,99.9,108.7,157.5,1910
襄　　阳,101.2,111.2,133.1,1910
深　　圳,100.4,102.9,149.9,1910
岳　　阳,99.6,98.8,121.7,1910
南　　宁,102.0,114.1,149.9,1910
常　　德,100.4,106.5,128.3,1910
海　　口,101.0,109.8,148.5,1910
惠　　州,100.6,103.0,139.3,1910
重　　庆,100.2,109.0,141.3,1910
湛　　江,100.7,105.1,130.5,1910
成　　都,101.5,112.5,151.7,1910
韶　　关,99.8,101.5,124.0,1910
贵　　阳,99.8,110.2,147.8,1910
桂　　林,100.2,109.7,129.7,1910
昆　　明,101.5,112.5,146.8,1910
北　　海,100.2,108.9,140.8,1910
西　　安,100.9,115.6,167.4,1910
三　　亚,100.3,104.8,151.5,1910
兰　　州,100.3,105.2,124.9,1910
泸　　州,99.0,100.6,122.2,1910
西　　宁,102.8,114.3,133.0,1910
南　　充,99.8,103.7,129.6,1910
银　　川,100.8,110.1,124.8,1910
遵　　义,99.8,107.1,128.9,1910
乌鲁木齐,99.8,103.7,117.8,1910
大　　理,100.7,118.9,145.9,1910
北　　京,99.3,99.5,100.6,2404
唐　　山,99.3,95.2,96.7,2404
天　　津,100.1,100.0,101.0,2404
秦 皇 岛,99.3,95.8,96.5,2404
石 家 庄,99.5,98.8,100.2,2404
包　　头,99.4,94.7,95.8,2404
太　　原,100.2,100.0,100.1,2404
丹　　东,99.0,96.2,97.1,2404
呼和浩特,99.5,97.2,98.4,2404
锦　　州,99.3,98.0,98.9,2404
沈　　阳,99.8,96.9,97.7,2404
吉　　林,98.8,98.0,99.3,2404
大　　连,99.4,95.7,95.9,2404
牡 丹 江,99.4,96.0,96.4,2404
长　　春,99.7,97.0,97.9,2404
无　　锡,99.3,96.5,97.6,2404
哈 尔 滨,99.6,96.1,97.4,2404
徐　　州,99.7,93.0,94.7,2404
上　　海,100.3,104.2,104.2,2404
扬　　州,99.6,95.0,96.0,2404
南　　京,99.2,92.3,94.3,2404
温　　州,99.3,94.8,96.2,2404
杭　　州,99.5,100.4,101.0,2404
金　　华,99.3,92.3,93.6,2404
宁　　波,98.2,95.8,98.1,2404
蚌　　埠,99.2,95.9,97.3,2404
合　　肥,99.3,97.5,98.5,2404
安　　庆,99.0,94.5,96.2,2404
福　　州,99.5,95.3,96.3,2404
泉　　州,99.3,99.4,99.5,2404
厦　　门,98.7,93.0,94.7,2404
九　　江,99.2,94.3,95.9,2404
南　　昌,99.7,95.1,96.4,2404
赣　　州,99.5,95.5,96.2,2404
济　　南,99.8,98.8,100.2,2404
烟　　台,98.8,96.0,97.4,2404
青　　岛,99.2,96.2,97.5,2404
济　　宁,99.7,95.6,96.5,2404
郑　　州,99.2,93.9,95.9,2404
洛　　阳,99.8,96.0,97.1,2404
武　　汉,99.0,94.8,97.2,2404
平 顶 山,100.1,97.5,97.7,2404
长　　沙,99.4,99.6,101.0,2404
宜　　昌,99.2,95.2,96.4,2404
广　　州,98.7,93.1,94.9,2404
襄　　阳,99.5,95.6,96.9,2404
深　　圳,99.0,93.3,94.7,2404
岳　　阳,99.5,95.2,96.2,2404
南　　宁,99.3,94.5,96.3,2404
常　　德,99.2,94.8,96.1,2404
海　　口,99.7,99.2,100.4,2404
韶　　关,99.5,94.8,96.1,2404
重　　庆,98.7,98.6,100.6,2404
湛　　江,99.0,93.0,95.4,2404
成　　都,99.7,101.4,103.0,2404
惠　　州,99.1,92.7,94.3,2404
贵　　阳,99.9,98.1,98.8,2404
桂　　林,99.4,95.5,96.5,2404
昆　　明,99.3,95.6,97.3,2404
北　　海,99.4,98.9,99.9,2404
西　　安,100.1,104.3,104.6,2404
三　　亚,99.6,100.4,101.5,2404
兰　　州,99.4,96.2,97.5,2404
泸　　州,99.4,94.5,96.1,2404
西　　宁,99.6,94.5,95.4,2404
南　　充,99.9,97.6,98.1,2404
银　　川,99.5,96.8,98.5,2404
遵　　义,100.2,97.4,98.3,2404
乌鲁木齐,99.5,97.4,98.5,2404
大　　理,99.5,97.2,97.5,2404
北　　京,99.3,95.1,98.2,2410
唐　　山,99.2,92.1,94.5,2410
天　　津,99.5,97.2,99.4,2410
秦 皇 岛,99.6,92.8,94.8,2410
石 家 庄,99.5,97.0,98.5,2410
包　　头,99.3,93.3,94.6,2410
太　　原,100.2,100.2,99.7,2410
丹　　东,99.6,94.2,95.7,2410
呼和浩特,99.2,94.8,96.8,2410
锦　　州,99.4,94.3,97.0,2410
沈　　阳,100.1,94.9,96.4,2410
吉　　林,99.5,95.3,97.3,2410
大　　连,99.4,93.5,94.9,2410
牡 丹 江,99.2,92.9,94.6,2410
长　　春,99.8,96.1,97.0,2410
无　　锡,99.5,95.9,96.8,2410
哈 尔 滨,99.4,93.3,95.4,2410
徐　　州,98.9,92.0,92.7,2410
上　　海,100.3,105.0,104.5,2410
扬　　州,98.6,93.3,94.4,2410
南　　京,99.4,91.4,92.3,2410
温　　州,99.4,89.1,93.2,2410
杭　　州,99.6,97.0,99.4,2410
金　　华,99.5,88.5,91.5,2410
宁　　波,98.9,90.6,94.4,2410
蚌　　埠,99.6,93.1,95.4,2410
合　　肥,99.6,94.0,96.7,2410
安　　庆,99.8,92.7,94.2,2410
福　　州,99.3,90.9,94.1,2410
泉　　州,99.6,92.8,96.9,2410
厦　　门,100.2,89.1,91.9,2410
九　　江,99.7,92.4,93.4,2410
南　　昌,99.6,92.5,94.5,2410
赣　　州,99.9,93.2,94.7,2410
济　　南,99.3,93.5,97.4,2410
烟　　台,99.8,93.5,95.5,2410
青　　岛,99.4,92.8,95.3,2410
济　　宁,99.6,93.5,94.9,2410
郑　　州,99.1,93.0,94.2,2410
洛　　阳,99.6,93.3,95.4,2410
武　　汉,99.0,89.9,93.8,2410
平 顶 山,100.2,97.5,97.4,2410
长　　沙,99.1,93.6,98.1,2410
宜　　昌,99.5,94.8,95.7,2410
广　　州,99.3,89.6,92.1,2410
襄　　阳,99.1,92.8,94.9,2410
深　　圳,100.1,91.9,93.1,2410
岳　　阳,99.5,93.0,94.9,2410
南　　宁,99.1,91.4,93.9,2410
常　　德,99.0,90.8,93.8,2410
海　　口,99.2,94.5,98.1,2410
韶　　关,99.7,93.8,94.4,2410
重　　庆,99.8,93.7,97.3,2410
湛　　江,99.2,90.4,92.5,2410
成　　都,99.6,95.3,99.7,2410
惠　　州,99.2,92.7,93.3,2410
贵　　阳,99.4,94.3,97.1,2410
桂　　林,100.2,96.3,96.1,2410
昆　　明,99.0,92.5,95.1,2410
北　　海,99.3,94.7,97.6,2410
西　　安,99.4,100.7,103.5,2410
三　　亚,99.6,95.8,99.1,2410
兰　　州,99.2,91.6,94.5,2410
泸　　州,99.2,91.5,94.1,2410
西　　宁,99.3,93.4,94.2,2410
南　　充,99.7,96.3,97.3,2410
银　　川,99.9,94.7,96.2,2410
遵　　义,99.4,96.1,97.3,2410
乌鲁木齐,99.9,96.3,97.3,2410
大　　理,99.5,94.5,96.4,2410
北　　京,99.5,94.7,97.9,2411
唐　　山,99.3,92.1,94.3,2411
天　　津,100.3,97.1,99.2,2411
秦 皇 岛,99.4,92.8,94.6,2411
石 家 庄,99.9,97.3,98.4,2411
包　　头,99.6,93.1,94.5,2411
太　　原,100.1,100.5,99.8,2411
丹　　东,99.5,94.0,95.6,2411
呼和浩特,99.3,94.6,96.6,2411
锦　　州,100.3,95.0,96.8,2411
沈　　阳,99.9,95.6,96.3,2411
吉　　林,99.7,94.7,97.1,2411
大　　连,99.2,93.6,94.8,2411
牡 丹 江,99.5,92.8,94.4,2411
长　　春,100.2,96.8,97.0,2411
无　　锡,99.2,95.7,96.7,2411
哈 尔 滨,99.6,93.3,95.2,2411
徐　　州,99.5,92.3,92.7,2411
上　　海,100.6,105.0,104.5,2411
扬　　州,99.6,93.7,94.4,2411
南　　京,100.1,92.4,92.3,2411
温　　州,99.9,89.4,92.9,2411
杭　　州,100.9,97.4,99.2,2411
金　　华,99.4,88.5,91.2,2411
宁　　波,100.2,91.2,94.1,2411
蚌　　埠,99.5,92.9,95.2,2411
合　　肥,99.4,93.7,96.4,2411
安　　庆,99.8,93.2,94.1,2411
福　　州,99.7,91.0,93.8,2411
泉　　州,98.7,91.6,96.4,2411
厦　　门,100.5,90.0,91.7,2411
九　　江,99.0,91.8,93.3,2411
南　　昌,99.9,93.2,94.4,2411
赣　　州,100.0,93.8,94.6,2411
济　　南,99.8,93.5,97.0,2411
烟　　台,99.7,93.9,95.3,2411
青　　岛,99.8,93.1,95.1,2411
济　　宁,99.9,93.9,94.8,2411
郑　　州,99.7,93.1,94.1,2411
洛　　阳,99.8,93.5,95.3,2411
武　　汉,100.4,90.6,93.5,2411
平 顶 山,100.1,97.8,97.4,2411
长　　沙,99.4,93.3,97.6,2411
宜　　昌,100.3,94.9,95.6,2411
广　　州,99.7,90.1,92.0,2411
襄　　阳,99.5,92.6,94.7,2411
深　　圳,100.3,92.9,93.1,2411
岳　　阳,99.8,93.3,94.8,2411
南　　宁,100.0,92.3,93.7,2411
常　　德,99.3,90.9,93.5,2411
海　　口,99.8,94.7,97.8,2411
韶　　关,99.5,94.1,94.3,2411
重　　庆,100.3,94.2,97.0,2411
湛　　江,100.9,91.8,92.4,2411
成　　都,100.5,95.5,99.3,2411
惠　　州,99.4,92.8,93.2,2411
贵　　阳,100.0,94.9,96.9,2411
桂　　林,99.8,96.2,96.1,2411
昆　　明,99.7,91.8,94.8,2411
北　　海,99.5,94.6,97.3,2411
西　　安,99.8,100.3,103.2,2411
三　　亚,99.6,95.5,98.8,2411
兰　　州,99.9,91.5,94.2,2411
泸　　州,99.8,91.7,93.8,2411
西　　宁,99.5,93.4,94.2,2411
南　　充,100.3,96.7,97.3,2411
银　　川,99.8,94.7,96.1,2411
遵　　义,99.5,96.0,97.2,2411
乌鲁木齐,100.0,96.4,97.2,2411
大　　理,99.6,93.9,96.2,2411
北　　京,98.9,98.2,100.1,2405
唐　　山,99.2,94.5,96.3,2405
天　　津,99.6,99.3,100.7,2405
秦 皇 岛,99.0,94.8,96.1,2405
石 家 庄,99.3,97.7,99.7,2405
包　　头,99.5,94.5,95.5,2405
太　　原,100.1,99.5,100.0,2405
丹　　东,99.2,95.8,96.8,2405
呼和浩特,99.5,96.7,98.0,2405
锦　　州,99.6,97.5,98.6,2405
沈　　阳,99.6,96.2,97.4,2405
吉　　林,98.7,96.0,98.7,2405
大　　连,99.5,95.5,95.8,2405
牡 丹 江,98.9,94.8,96.1,2405
长　　春,99.8,97.0,97.7,2405
无　　锡,99.4,96.1,97.3,2405
哈 尔 滨,99.4,95.2,97.0,2405
徐　　州,99.3,92.2,94.2,2405
上　　海,100.6,104.5,104.3,2405
扬　　州,98.8,93.6,95.5,2405
南　　京,98.9,91.5,93.7,2405
温　　州,99.4,94.5,95.9,2405
杭　　州,99.4,99.6,100.7,2405
金　　华,99.0,91.7,93.2,2405
宁　　波,98.7,94.1,97.3,2405
蚌　　埠,99.5,95.2,96.9,2405
合　　肥,99.7,97.0,98.2,2405
安　　庆,99.4,93.8,95.7,2405
福　　州,99.2,94.4,96.0,2405
泉　　州,99.2,98.4,99.2,2405
厦　　门,98.9,92.1,94.2,2405
九　　江,98.3,92.6,95.2,2405
南　　昌,99.5,94.2,96.0,2405
赣　　州,99.2,95.0,95.9,2405
济　　南,99.4,97.5,99.6,2405
烟　　台,99.3,95.2,97.0,2405
青　　岛,99.3,95.3,97.1,2405
济　　宁,99.0,95.1,96.2,2405
郑　　州,99.5,93.5,95.4,2405
洛　　阳,99.7,95.6,96.8,2405
武　　汉,98.5,93.2,96.4,2405
平 顶 山,99.6,96.9,97.5,2405
长　　沙,99.0,98.3,100.5,2405
宜　　昌,99.3,95.3,96.1,2405
广　　州,98.6,91.7,94.2,2405
襄　　阳,99.2,94.7,96.4,2405
深　　圳,99.2,92.6,94.3,2405
岳　　阳,99.5,95.0,96.0,2405
南　　宁,98.5,92.7,95.6,2405
常　　德,98.4,93.4,95.5,2405
海　　口,99.9,98.7,100.0,2405
韶　　关,99.1,93.3,95.5,2405
重　　庆,98.6,97.3,99.9,2405
湛　　江,99.5,91.7,94.7,2405
成　　都,99.3,100.2,102.4,2405
惠　　州,99.4,92.6,94.0,2405
贵　　阳,99.4,97.1,98.4,2405
桂　　林,99.5,95.4,96.3,2405
昆　　明,98.5,94.6,96.8,2405
北　　海,99.5,97.8,99.5,2405
西　　安,99.9,103.8,104.4,2405
三　　亚,99.3,99.2,101.0,2405
兰　　州,99.5,95.2,97.0,2405
泸　　州,99.3,93.4,95.5,2405
西　　宁,99.6,93.9,95.1,2405
南　　充,99.6,97.7,98.0,2405
银　　川,99.2,95.8,98.0,2405
遵　　义,99.7,97.6,98.1,2405
乌鲁木齐,99.8,96.9,98.2,2405
大　　理,99.2,97.1,97.4,2405
北　　京,101.7,105.4,144.1,1911
唐　　山,101.9,111.9,137.3,1911
天　　津,100.0,101.6,132.8,1911
秦 皇 岛,101.0,113.6,147.5,1911
石 家 庄,100.0,111.5,154.6,1911
包　　头,100.1,105.5,122.6,1911
太　　原,100.1,106.4,131.2,1911
丹　　东,100.5,109.2,127.6,1911
呼和浩特,101.5,117.1,149.2,1911
锦　　州,101.6,110.1,118.2,1911
沈　　阳,100.6,109.3,140.9,1911
吉　　林,100.8,110.2,133.7,1911
大　　连,100.2,108.9,136.3,1911
牡 丹 江,99.9,106.7,123.2,1911
长　　春,101.0,109.8,136.8,1911
无　　锡,100.5,107.9,152.2,1911
哈 尔 滨,100.6,110.2,142.4,1911
扬　　州,100.6,110.2,149.2,1911
上　　海,100.3,102.8,149.7,1911
徐　　州,100.4,111.4,155.5,1911
南　　京,99.9,104.0,153.5,1911
温　　州,100.3,104.5,120.7,1911
杭　　州,99.9,105.8,147.0,1911
金　　华,100.8,107.7,133.9,1911
宁　　波,100.0,107.8,138.3,1911
蚌　　埠,100.0,103.6,130.0,1911
合　　肥,99.7,104.1,160.5,1911
安　　庆,99.5,103.7,126.8,1911
福　　州,100.1,104.7,145.2,1911
泉　　州,100.1,102.3,115.1,1911
厦　　门,99.8,102.9,156.3,1911
九　　江,100.3,108.3,141.5,1911
南　　昌,99.4,103.9,140.3,1911
赣　　州,100.3,103.5,128.1,1911
济　　南,99.3,102.1,142.8,1911
烟　　台,100.6,110.8,141.0,1911
青　　岛,100.0,105.1,138.6,1911
济　　宁,100.5,110.8,134.9,1911
郑　　州,99.5,102.4,145.3,1911
洛　　阳,100.7,114.7,143.1,1911
武　　汉,100.8,112.2,159.5,1911
平 顶 山,100.5,108.7,129.3,1911
长　　沙,100.4,103.9,144.9,1911
宜　　昌,99.6,102.7,130.5,1911
广　　州,99.5,108.1,156.8,1911
襄　　阳,100.8,110.8,134.1,1911
深　　圳,100.2,103.3,150.2,1911
岳　　阳,99.7,98.2,121.3,1911
南　　宁,100.3,113.9,150.4,1911
常　　德,99.8,105.2,128.0,1911
海　　口,99.7,109.2,148.1,1911
惠　　州,100.5,103.2,140.0,1911
重　　庆,100.5,108.4,142.1,1911
湛　　江,99.5,104.3,129.9,1911
成　　都,100.8,111.5,152.9,1911
韶　　关,99.6,100.5,123.5,1911
贵　　阳,99.5,107.5,147.0,1911
桂　　林,100.3,107.6,130.2,1911
昆　　明,100.6,112.4,147.7,1911
北　　海,100.1,107.8,140.9,1911
西　　安,100.7,114.7,168.5,1911
三　　亚,100.4,104.8,152.0,1911
兰　　州,101.1,105.5,126.3,1911
泸　　州,99.6,99.7,121.7,1911
西　　宁,101.3,114.2,134.7,1911
南　　充,99.7,103.2,129.3,1911
银　　川,101.9,111.9,127.2,1911
遵　　义,99.5,104.7,128.3,1911
乌鲁木齐,99.1,101.8,116.7,1911
大　　理,100.8,116.7,147.1,1911
北　　京,100.6,103.9,140.7,1905
唐　　山,100.9,113.8,126.8,1905
天　　津,100.2,102.1,132.8,1905
秦 皇 岛,100.8,120.3,140.9,1905
石 家 庄,101.2,117.5,148.9,1905
包　　头,100.5,111.2,120.0,1905
太　　原,100.4,111.2,128.6,1905
丹　　东,100.5,113.0,123.8,1905
呼和浩特,100.8,121.4,135.1,1905
锦　　州,100.7,113.7,114.5,1905
沈　　阳,100.9,111.7,133.9,1905
吉　　林,100.7,115.0,127.4,1905
大　　连,101.4,112.9,132.5,1905
牡 丹 江,100.9,113.9,120.9,1905
长　　春,100.5,110.6,129.4,1905
无　　锡,101.3,109.3,144.5,1905
哈 尔 滨,100.7,114.0,135.2,1905
扬　　州,100.5,113.3,140.6,1905
上　　海,99.9,101.7,147.2,1905
徐　　州,101.3,117.7,147.6,1905
南　　京,100.8,104.0,150.7,1905
温　　州,100.7,103.5,118.1,1905
杭　　州,100.8,108.5,144.7,1905
金　　华,101.4,106.2,129.1,1905
宁　　波,101.1,107.8,133.6,1905
蚌　　埠,100.6,109.3,127.8,1905
合　　肥,100.1,107.4,158.8,1905
安　　庆,100.6,111.2,125.8,1905
福　　州,100.9,112.9,142.2,1905
泉　　州,100.1,101.6,112.4,1905
厦　　门,100.3,100.4,153.5,1905
九　　江,100.6,110.5,135.9,1905
南　　昌,100.5,110.7,139.0,1905
赣　　州,100.2,106.7,125.2,1905
济　　南,100.4,118.3,145.3,1905
烟　　台,100.8,113.2,133.5,1905
青　　岛,100.7,113.2,136.8,1905
济　　宁,101.0,114.7,128.2,1905
郑　　州,100.3,108.9,144.3,1905
洛　　阳,101.7,114.1,132.3,1905
武　　汉,101.2,114.8,150.7,1905
平 顶 山,100.6,108.5,124.2,1905
长　　沙,100.9,110.2,142.5,1905
宜　　昌,100.4,112.5,132.5,1905
广　　州,100.8,112.2,156.3,1905
襄　　阳,100.6,115.8,126.9,1905
深　　圳,100.4,101.2,146.4,1905
岳　　阳,99.9,105.4,122.7,1905
南　　宁,100.4,111.6,139.3,1905
常　　德,100.3,112.4,126.6,1905
海　　口,101.2,114.7,143.2,1905
惠　　州,100.4,103.2,136.0,1905
重　　庆,101.8,113.3,138.4,1905
湛　　江,100.6,108.8,127.8,1905
成　　都,100.4,113.4,143.7,1905
韶　　关,101.2,105.1,124.1,1905
贵　　阳,100.9,120.5,145.1,1905
桂　　林,100.8,109.5,125.0,1905
昆　　明,100.7,116.5,138.1,1905
北　　海,101.0,113.4,137.2,1905
西　　安,102.0,124.4,158.8,1905
三　　亚,100.4,109.8,147.8,1905
兰　　州,100.6,110.1,123.1,1905
泸　　州,100.1,110.9,124.6,1905
西　　宁,100.4,115.7,124.7,1905
南　　充,100.7,112.0,129.4,1905
银　　川,100.6,109.6,118.1,1905
遵　　义,100.4,112.8,127.4,1905
乌鲁木齐,100.0,106.5,117.2,1905
大　　理,101.8,122.2,138.2,1905
北　　京,100.4,105.7,108.5,2203
唐　　山,100.0,99.0,102.9,2203
天　　津,100.2,100.5,102.5,2203
秦 皇 岛,99.2,94.8,96.1,2203
石 家 庄,100.3,98.0,99.8,2203
包　　头,99.4,98.7,100.4,2203
太　　原,99.8,97.1,95.7,2203
丹　　东,99.2,99.0,103.0,2203
呼和浩特,99.9,99.1,101.1,2203
锦　　州,100.4,101.7,105.6,2203
沈　　阳,99.6,100.0,102.5,2203
吉　　林,100.0,101.7,103.4,2203
大　　连,99.3,102.0,105.3,2203
牡 丹 江,99.7,97.4,95.9,2203
长　　春,100.0,100.9,101.5,2203
无　　锡,100.2,104.4,107.5,2203
哈 尔 滨,99.3,95.2,95.0,2203
徐　　州,99.8,102.1,108.4,2203
上　　海,100.3,104.1,107.5,2203
扬　　州,99.7,100.7,106.3,2203
南　　京,100.2,103.6,107.0,2203
温　　州,99.3,102.5,105.1,2203
杭　　州,100.7,106.2,108.0,2203
金　　华,100.4,102.4,107.2,2203
宁　　波,100.1,102.8,106.2,2203
蚌　　埠,100.2,100.3,103.9,2203
合　　肥,99.6,100.1,104.9,2203
安　　庆,99.4,97.9,97.4,2203
福　　州,99.4,101.6,105.9,2203
泉　　州,99.6,101.4,106.6,2203
厦　　门,99.7,101.7,105.4,2203
九　　江,99.9,99.3,101.9,2203
南　　昌,100.4,100.8,101.7,2203
赣　　州,100.2,101.5,105.3,2203
济　　南,100.3,104.5,105.2,2203
烟　　台,99.8,99.9,102.9,2203
青　　岛,100.4,103.3,105.9,2203
济　　宁,99.6,101.2,108.0,2203
郑　　州,99.3,99.4,100.3,2203
洛　　阳,99.5,101.3,102.7,2203
武　　汉,99.6,101.5,105.3,2203
平 顶 山,99.7,99.7,102.3,2203
长　　沙,100.4,105.9,110.1,2203
宜　　昌,99.9,100.5,103.2,2203
广　　州,99.9,103.0,109.7,2203
襄　　阳,100.2,99.3,102.1,2203
深　　圳,100.8,104.5,106.5,2203
岳　　阳,99.2,96.3,96.4,2203
南　　宁,99.9,100.2,103.8,2203
常　　德,100.1,95.8,95.2,2203
海　　口,100.5,103.0,105.9,2203
韶　　关,100.6,98.9,100.4,2203
重　　庆,100.5,108.1,112.2,2203
湛　　江,99.1,97.1,99.5,2203
成　　都,100.8,102.7,107.0,2203
惠　　州,99.5,99.9,103.9,2203
贵　　阳,100.2,99.3,102.3,2203
桂　　林,99.4,98.2,99.4,2203
昆　　明,99.7,98.1,102.6,2203
北　　海,99.5,96.3,93.5,2203
西　　安,100.4,105.6,111.2,2203
三　　亚,99.9,104.1,108.6,2203
兰　　州,99.6,99.7,104.3,2203
泸　　州,99.6,95.6,95.6,2203
西　　宁,99.7,100.4,106.0,2203
南　　充,100.1,95.5,95.6,2203
银　　川,100.4,106.6,115.2,2203
遵　　义,100.4,99.3,100.7,2203
乌鲁木齐,101.0,102.9,106.0,2203
大　　理,99.6,94.4,94.5,2203
北　　京,100.0,104.1,144.6,2001
唐　　山,101.2,113.6,140.0,2001
天　　津,99.8,101.3,132.3,2001
秦 皇 岛,100.0,110.4,148.1,2001
石 家 庄,100.0,108.8,155.6,2001
包　　头,100.0,105.9,123.7,2001
太　　原,99.4,102.9,129.3,2001
丹　　东,100.6,107.9,129.0,2001
呼和浩特,100.5,114.8,151.3,2001
锦　　州,101.4,108.5,121.3,2001
沈　　阳,100.3,109.2,142.0,2001
吉　　林,101.0,109.2,135.9,2001
大　　连,100.1,108.4,136.8,2001
牡 丹 江,100.7,105.1,124.4,2001
长　　春,100.0,108.6,137.8,2001
无　　锡,100.8,109.0,154.2,2001
哈 尔 滨,100.3,109.4,143.5,2001
扬　　州,100.4,110.5,151.8,2001
上　　海,100.5,102.7,150.4,2001
徐　　州,100.8,111.5,158.7,2001
南　　京,100.1,103.3,153.6,2001
温　　州,100.3,104.5,121.1,2001
杭　　州,100.3,105.0,147.9,2001
金　　华,100.4,107.9,134.9,2001
宁　　波,100.6,108.2,139.7,2001
蚌　　埠,100.7,103.4,130.6,2001
合　　肥,100.4,103.7,161.4,2001
安　　庆,99.6,102.1,126.0,2001
福　　州,99.5,103.5,144.2,2001
泉　　州,100.3,103.5,116.1,2001
厦　　门,100.2,104.4,157.4,2001
九　　江,101.1,108.6,144.1,2001
南　　昌,100.3,103.3,140.7,2001
赣　　州,100.1,102.7,128.8,2001
济　　南,99.5,99.7,141.0,2001
烟　　台,100.5,109.7,142.8,2001
青　　岛,100.1,103.7,139.1,2001
济　　宁,100.2,109.3,135.3,2001
郑　　州,100.0,101.4,144.7,2001
洛　　阳,100.1,112.4,143.8,2001
武　　汉,100.4,111.5,161.6,2001
平 顶 山,100.2,108.6,130.2,2001
长　　沙,100.6,104.6,147.2,2001
宜　　昌,99.5,100.1,129.5,2001
广　　州,100.3,104.2,156.9,2001
襄　　阳,100.6,110.0,136.1,2001
深　　圳,100.5,104.3,151.9,2001
岳　　阳,99.7,97.9,120.3,2001
南　　宁,100.4,112.0,151.8,2001
常　　德,99.8,103.4,127.6,2001
海　　口,99.9,106.6,148.4,2001
惠　　州,100.7,105.0,142.1,2001
重　　庆,100.0,107.5,142.7,2001
湛　　江,99.5,104.1,130.3,2001
成　　都,100.3,110.0,154.1,2001
韶　　关,99.8,99.5,122.7,2001
贵　　阳,99.5,104.4,145.7,2001
桂　　林,100.3,106.7,130.8,2001
昆　　明,100.0,110.5,147.4,2001
北　　海,100.4,107.7,142.2,2001
西　　安,100.3,112.8,170.1,2001
三　　亚,101.3,106.7,155.1,2001
兰　　州,100.6,104.7,127.5,2001
泸　　州,99.8,97.9,120.9,2001
西　　宁,100.8,114.7,137.2,2001
南　　充,99.6,102.0,128.1,2001
银　　川,101.0,112.8,130.0,2001
遵　　义,100.2,104.2,129.1,2001
乌鲁木齐,99.9,101.1,116.6,2001
大　　理,100.8,114.1,149.3,2001
北　　京,100.1,94.5,94.4,2502
唐　　山,99.5,92.3,92.3,2502
天　　津,99.7,97.2,97.6,2502
秦 皇 岛,99.8,92.9,92.8,2502
石 家 庄,99.7,96.0,96.2,2502
包　　头,99.6,93.6,93.5,2502
太　　原,100.1,101.2,101.1,2502
丹　　东,99.6,93.8,93.8,2502
呼和浩特,99.4,93.9,94.0,2502
锦　　州,99.7,95.2,95.3,2502
沈　　阳,100.2,97.2,96.7,2502
吉　　林,99.6,94.3,94.3,2502
大　　连,100.3,95.0,94.6,2502
牡 丹 江,99.8,92.8,92.8,2502
长　　春,99.5,95.8,95.8,2502
无　　锡,99.2,95.4,96.0,2502
哈 尔 滨,100.3,94.6,94.1,2502
徐　　州,99.6,93.9,93.9,2502
上　　海,100.2,105.6,105.6,2502
扬　　州,99.9,93.6,93.6,2502
南　　京,100.5,96.6,95.9,2502
温　　州,100.0,90.6,90.3,2502
杭　　州,99.9,98.7,98.6,2502
金　　华,99.9,90.4,90.0,2502
宁　　波,100.3,93.4,93.1,2502
蚌　　埠,99.7,93.9,93.7,2502
合　　肥,100.2,94.7,94.4,2502
安　　庆,99.8,94.0,93.9,2502
福　　州,99.9,92.9,92.6,2502
泉　　州,100.2,92.1,92.1,2502
厦　　门,100.2,92.9,92.5,2502
九　　江,100.0,93.0,92.7,2502
南　　昌,100.3,95.0,94.7,2502
赣　　州,100.0,94.9,94.8,2502
济　　南,100.3,94.3,94.0,2502
烟　　台,99.4,93.9,94.0,2502
青　　岛,100.0,95.2,95.0,2502
济　　宁,99.7,95.0,94.9,2502
郑　　州,99.6,94.6,94.6,2502
洛　　阳,99.9,94.2,94.0,2502
武　　汉,99.7,93.3,93.2,2502
平 顶 山,100.0,98.9,98.8,2502
长　　沙,99.8,93.5,93.5,2502
宜　　昌,100.1,95.5,95.2,2502
广　　州,99.8,92.2,91.9,2502
襄　　阳,99.9,94.0,93.7,2502
深　　圳,100.4,95.6,95.2,2502
岳　　阳,99.6,93.6,93.6,2502
南　　宁,100.1,93.8,93.4,2502
常　　德,100.1,92.7,92.4,2502
海　　口,100.0,96.3,96.1,2502
韶　　关,99.4,94.2,94.2,2502
重　　庆,99.8,94.6,94.7,2502
湛　　江,99.5,93.9,93.6,2502
成　　都,100.3,97.0,96.8,2502
惠　　州,99.8,93.7,93.7,2502
贵　　阳,100.0,95.4,95.3,2502
桂　　林,99.7,96.4,96.3,2502
昆　　明,99.9,91.7,91.8,2502
北　　海,99.7,94.1,94.4,2502
西　　安,99.5,98.3,98.6,2502
三　　亚,99.9,96.8,96.7,2502
兰　　州,99.8,92.7,92.6,2502
泸　　州,99.6,92.7,92.5,2502
西　　宁,99.9,94.6,94.6,2502
南　　充,99.8,97.1,97.1,2502
银　　川,99.4,95.6,95.6,2502
遵　　义,99.6,96.6,96.6,2502
乌鲁木齐,99.9,96.8,96.9,2502
大　　理,99.8,93.7,93.7,2502
北　　京,100.6,104.5,104.8,2304
唐　　山,100.7,98.6,97.9,2304
天　　津,100.6,99.1,98.1,2304
秦 皇 岛,99.6,95.4,94.9,2304
石 家 庄,100.7,98.7,98.1,2304
包　　头,100.4,97.7,96.5,2304
太　　原,100.3,97.7,96.7,2304
丹　　东,100.3,97.5,96.5,2304
呼和浩特,100.3,98.8,97.7,2304
锦　　州,100.4,98.1,96.8,2304
沈　　阳,100.2,96.6,95.8,2304
吉　　林,100.1,96.3,95.9,2304
大　　连,99.6,95.3,95.3,2304
牡 丹 江,100.2,97.2,97.2,2304
长　　春,100.4,95.6,95.2,2304
无　　锡,100.4,99.5,99.1,2304
哈 尔 滨,100.7,96.4,94.6,2304
徐　　州,100.6,101.4,99.8,2304
上　　海,100.4,104.6,104.2,2304
扬　　州,100.0,100.4,98.9,2304
南　　京,100.5,101.2,100.3,2304
温　　州,100.2,94.8,93.5,2304
杭　　州,100.1,105.3,105.9,2304
金　　华,99.6,97.0,97.6,2304
宁　　波,100.2,103.1,102.5,2304
蚌　　埠,100.4,99.4,98.2,2304
合　　肥,100.1,104.3,103.5,2304
安　　庆,100.2,98.3,97.1,2304
福　　州,100.2,99.4,98.3,2304
泉　　州,99.8,95.4,95.6,2304
厦　　门,100.1,98.1,97.1,2304
九　　江,100.4,99.9,99.1,2304
南　　昌,100.5,101.9,101.8,2304
赣　　州,100.3,99.3,99.3,2304
济　　南,100.6,103.6,102.6,2304
烟　　台,99.9,99.6,98.9,2304
青　　岛,100.2,102.2,102.0,2304
济　　宁,100.3,96.9,96.4,2304
郑　　州,100.5,100.2,98.6,2304
洛　　阳,100.6,97.8,96.2,2304
武　　汉,100.7,98.3,96.2,2304
平 顶 山,100.1,98.6,97.9,2304
长　　沙,100.5,103.6,103.5,2304
宜　　昌,99.9,96.3,95.8,2304
广　　州,100.2,99.9,99.7,2304
襄　　阳,100.3,98.2,96.9,2304
深　　圳,100.3,98.9,98.8,2304
岳　　阳,100.2,95.3,93.5,2304
南　　宁,100.3,98.1,97.2,2304
常　　德,100.2,96.8,95.5,2304
海　　口,100.7,101.8,101.4,2304
韶　　关,100.4,99.3,98.1,2304
重　　庆,100.7,101.2,100.1,2304
湛　　江,100.6,97.2,94.9,2304
成　　都,100.9,108.7,108.6,2304
惠　　州,100.7,98.7,97.6,2304
贵　　阳,100.2,97.9,98.0,2304
桂　　林,100.5,98.0,96.7,2304
昆　　明,100.1,99.0,98.0,2304
北　　海,100.4,95.9,93.2,2304
西　　安,100.6,101.6,101.5,2304
三　　亚,100.1,100.8,99.8,2304
兰　　州,100.4,97.2,95.8,2304
泸　　州,100.4,98.1,96.7,2304
西　　宁,100.3,99.2,98.5,2304
南　　充,100.3,100.5,99.3,2304
银　　川,101.0,102.6,101.7,2304
遵　　义,100.5,101.2,100.3,2304
乌鲁木齐,100.1,100.9,101.4,2304
大　　理,99.5,97.3,96.5,2304
北　　京,99.6,102.1,103.8,2310
唐　　山,99.4,98.3,98.4,2310
天　　津,100.0,100.9,99.5,2310
秦 皇 岛,99.9,97.1,95.7,2310
石 家 庄,100.3,100.2,98.9,2310
包　　头,99.7,96.9,97.1,2310
太　　原,99.5,99.6,98.1,2310
丹　　东,99.9,98.1,97.2,2310
呼和浩特,99.8,99.3,98.7,2310
锦　　州,99.7,99.8,97.9,2310
沈　　阳,99.9,98.3,96.7,2310
吉　　林,100.2,98.8,97.2,2310
大　　连,99.7,96.5,95.6,2310
牡 丹 江,99.4,95.7,96.6,2310
长　　春,100.2,96.4,95.7,2310
无　　锡,99.5,98.7,98.8,2310
哈 尔 滨,99.8,98.2,96.5,2310
徐　　州,98.4,98.8,100.1,2310
上　　海,100.2,104.4,104.4,2310
扬　　州,99.1,99.1,99.8,2310
南　　京,99.3,99.2,100.3,2310
温　　州,99.8,97.1,95.1,2310
杭　　州,100.3,103.0,104.6,2310
金　　华,99.6,96.4,96.9,2310
宁　　波,99.1,102.1,103.0,2310
蚌　　埠,99.8,99.6,99.1,2310
合　　肥,100.2,101.2,103.0,2310
安　　庆,99.0,99.5,98.7,2310
福　　州,99.4,98.7,98.6,2310
泉　　州,99.7,99.5,96.9,2310
厦　　门,99.8,97.9,97.5,2310
九　　江,98.9,98.8,99.5,2310
南　　昌,99.6,100.1,101.6,2310
赣　　州,99.3,96.7,98.3,2310
济　　南,99.9,102.2,102.9,2310
烟　　台,99.6,100.4,99.8,2310
青　　岛,99.8,101.2,101.8,2310
济　　宁,99.2,97.7,97.0,2310
郑　　州,99.1,98.3,99.0,2310
洛　　阳,99.6,98.1,97.4,2310
武　　汉,99.9,101.6,98.6,2310
平 顶 山,99.8,98.1,98.2,2310
长　　沙,100.4,103.7,103.6,2310
宜　　昌,99.6,97.1,96.2,2310
广　　州,99.3,98.0,99.1,2310
襄　　阳,99.4,98.8,98.2,2310
深　　圳,99.5,97.2,98.0,2310
岳　　阳,100.0,97.8,95.4,2310
南　　宁,99.5,98.7,97.8,2310
常　　德,99.8,98.5,96.9,2310
海　　口,100.0,102.7,101.9,2310
韶　　关,98.9,98.0,98.8,2310
重　　庆,99.9,102.2,100.8,2310
湛　　江,99.0,100.8,98.2,2310
成　　都,100.2,105.6,107.4,2310
惠　　州,98.5,95.5,97.1,2310
贵　　阳,100.4,98.9,98.3,2310
桂　　林,99.6,97.2,97.1,2310
昆　　明,99.2,98.9,98.6,2310
北　　海,99.2,101.7,97.2,2310
西　　安,100.6,103.6,101.9,2310
三　　亚,100.1,103.5,101.5,2310
兰　　州,98.7,99.4,97.8,2310
泸　　州,99.7,98.8,98.1,2310
西　　宁,99.6,99.1,99.1,2310
南　　充,99.9,99.9,100.2,2310
银　　川,99.3,100.9,101.8,2310
遵　　义,99.4,100.6,100.6,2310
乌鲁木齐,99.6,100.5,100.8,2310
大　　理,99.4,97.3,97.0,2310
北　　京,99.7,99.7,134.7,1802
唐　　山,100.2,106.7,109.5,1802
天　　津,100.1,100.6,129.3,1802
秦 皇 岛,100.6,107.0,114.0,1802
石 家 庄,100.1,102.7,124.0,1802
包　　头,100.4,106.8,105.7,1802
太　　原,100.0,107.5,112.5,1802
丹　　东,99.8,103.6,101.6,1802
呼和浩特,100.5,107.4,108.0,1802
锦　　州,100.8,103.4,98.8,1802
沈　　阳,100.3,112.1,116.3,1802
吉　　林,100.3,107.5,109.3,1802
大　　连,101.0,110.7,113.3,1802
牡 丹 江,100.2,106.6,104.8,1802
长　　春,100.0,109.0,113.3,1802
无　　锡,99.6,98.8,132.9,1802
哈 尔 滨,100.7,110.8,114.5,1802
扬　　州,100.5,108.7,121.7,1802
上　　海,99.8,99.4,144.9,1802
徐　　州,101.0,109.8,121.9,1802
南　　京,99.9,98.5,145.9,1802
温　　州,100.0,107.1,114.2,1802
杭　　州,99.9,99.5,132.9,1802
金　　华,100.0,109.2,118.9,1802
宁　　波,100.2,106.0,121.7,1802
蚌　　埠,100.0,107.6,117.1,1802
合　　肥,99.7,99.7,148.1,1802
安　　庆,100.3,105.3,113.6,1802
福　　州,99.9,98.5,128.0,1802
泉　　州,100.1,100.0,110.6,1802
厦　　门,99.9,102.2,151.1,1802
九　　江,100.4,107.4,121.2,1802
南　　昌,99.8,105.3,123.6,1802
赣　　州,100.0,101.8,116.4,1802
济　　南,99.9,101.4,122.1,1802
烟　　台,100.3,108.7,115.2,1802
青　　岛,100.0,103.9,117.9,1802
济　　宁,100.4,109.1,109.9,1802
郑　　州,100.0,99.6,129.8,1802
洛　　阳,100.0,109.2,114.1,1802
武　　汉,99.9,101.3,130.3,1802
平 顶 山,100.5,107.7,112.0,1802
长　　沙,100.2,105.2,126.7,1802
宜　　昌,100.6,108.6,115.4,1802
广　　州,99.6,103.1,136.7,1802
襄　　阳,99.8,106.7,108.7,1802
深　　圳,99.4,97.5,144.9,1802
岳　　阳,100.4,108.7,114.2,1802
南　　宁,100.3,108.4,123.6,1802
常　　德,99.8,108.5,111.2,1802
海　　口,100.2,105.2,113.4,1802
惠　　州,100.4,104.3,131.4,1802
重　　庆,100.3,108.2,119.1,1802
湛　　江,100.1,108.1,116.6,1802
成　　都,100.0,100.0,106.4,1802
韶　　关,100.3,107.3,116.3,1802
贵　　阳,100.4,110.9,117.3,1802
桂　　林,100.1,108.7,112.1,1802
昆　　明,100.3,111.4,115.6,1802
北　　海,100.4,112.2,117.7,1802
西　　安,100.5,111.3,122.6,1802
三　　亚,101.0,103.9,112.0,1802
兰　　州,100.5,105.8,110.0,1802
泸　　州,100.4,106.8,110.7,1802
西　　宁,100.7,106.2,107.8,1802
南　　充,101.7,110.8,112.2,1802
银　　川,100.5,105.2,105.9,1802
遵　　义,100.6,108.7,110.3,1802
乌鲁木齐,101.3,108.7,106.5,1802
大　　理,100.9,106.9,109.7,1802
北　　京,100.9,104.9,104.6,2106
唐　　山,100.4,104.7,104.9,2106
天　　津,100.9,104.2,104.3,2106
秦 皇 岛,99.7,100.6,101.1,2106
石 家 庄,100.0,102.9,102.7,2106
包　　头,100.0,103.3,102.8,2106
太　　原,99.8,97.9,98.9,2106
丹　　东,100.1,105.8,104.6,2106
呼和浩特,100.2,103.1,102.7,2106
锦　　州,100.5,105.6,105.3,2106
沈　　阳,100.7,104.5,104.8,2106
吉　　林,100.4,103.4,103.2,2106
大　　连,101.0,106.0,106.2,2106
牡 丹 江,100.2,99.6,99.4,2106
长　　春,100.2,101.2,101.4,2106
无　　锡,101.2,105.9,105.6,2106
哈 尔 滨,99.9,99.8,100.2,2106
徐　　州,100.7,109.2,108.6,2106
上　　海,100.5,104.6,104.5,2106
扬　　州,101.1,109.3,108.7,2106
南　　京,100.8,104.4,105.6,2106
温　　州,100.5,104.6,104.5,2106
杭　　州,100.8,102.6,103.6,2106
金　　华,100.6,106.3,106.2,2106
宁　　波,100.6,104.8,104.9,2106
蚌　　埠,100.5,103.5,103.5,2106
合　　肥,100.2,106.4,105.7,2106
安　　庆,99.7,99.1,98.7,2106
福　　州,100.5,105.8,105.9,2106
泉　　州,100.4,107.2,106.9,2106
厦　　门,100.7,105.8,105.5,2106
九　　江,100.3,103.3,103.7,2106
南　　昌,100.0,100.9,101.4,2106
赣　　州,100.4,105.2,104.9,2106
济　　南,101.5,103.6,104.0,2106
烟　　台,100.3,104.9,104.3,2106
青　　岛,100.7,105.1,104.7,2106
济　　宁,100.8,110.6,109.5,2106
郑　　州,100.8,103.2,103.3,2106
洛　　阳,100.4,103.8,103.3,2106
武　　汉,100.7,106.7,106.4,2106
平 顶 山,100.1,103.3,103.1,2106
长　　沙,101.3,106.7,106.9,2106
宜　　昌,100.5,105.0,104.6,2106
广　　州,101.0,111.6,110.3,2106
襄　　阳,100.3,105.2,104.4,2106
深　　圳,100.5,103.5,103.5,2106
岳　　阳,99.6,99.9,100.3,2106
南　　宁,100.5,105.4,105.2,2106
常　　德,99.5,98.3,98.5,2106
海　　口,100.8,105.8,105.1,2106
韶　　关,100.8,103.5,103.3,2106
重　　庆,101.0,108.0,108.4,2106
湛　　江,99.8,104.6,103.7,2106
成　　都,100.3,105.7,105.4,2106
惠　　州,100.5,106.3,105.7,2106
贵　　阳,99.8,104.7,104.0,2106
桂　　林,100.3,101.8,102.4,2106
昆　　明,99.2,104.7,104.8,2106
北　　海,100.3,97.1,97.6,2106
西　　安,101.0,108.2,107.6,2106
三　　亚,100.6,107.3,105.5,2106
兰　　州,100.5,106.7,106.3,2106
泸　　州,99.9,99.9,100.0,2106
西　　宁,100.9,107.8,108.0,2106
南　　充,99.6,99.0,99.9,2106
银　　川,100.8,111.2,110.5,2106
遵　　义,100.2,102.3,102.5,2106
乌鲁木齐,100.1,103.7,104.0,2106
大　　理,99.4,99.5,98.9,2106
北　　京,100.0,105.1,106.5,2112
唐　　山,100.2,98.3,102.2,2112
天　　津,99.3,102.4,103.0,2112
秦 皇 岛,99.0,96.3,97.6,2112
石 家 庄,99.1,98.5,99.8,2112
包　　头,99.4,100.2,101.5,2112
太　　原,99.1,97.1,96.3,2112
丹　　东,99.6,101.7,105.0,2112
呼和浩特,100.0,99.1,101.5,2112
锦　　州,99.8,103.2,106.0,2112
沈　　阳,99.5,102.7,104.2,2112
吉　　林,100.1,102.2,103.2,2112
大　　连,99.6,104.7,106.7,2112
牡 丹 江,99.3,98.5,97.3,2112
长　　春,99.7,101.0,101.6,2112
无　　锡,99.5,104.2,106.4,2112
哈 尔 滨,99.2,98.2,97.7,2112
徐　　州,99.6,103.9,107.9,2112
上　　海,100.4,104.2,106.1,2112
扬　　州,99.9,104.2,107.6,2112
南　　京,100.3,104.1,105.9,2112
温　　州,100.3,104.0,105.9,2112
杭　　州,100.5,105.5,106.5,2112
金　　华,99.9,104.1,106.5,2112
宁　　波,99.6,103.3,104.9,2112
蚌　　埠,99.8,101.3,103.6,2112
合　　肥,100.2,103.5,106.1,2112
安　　庆,100.0,98.7,98.8,2112
福　　州,100.1,103.4,105.8,2112
泉　　州,99.2,103.7,106.5,2112
厦　　门,100.2,103.9,106.6,2112
九　　江,99.5,101.8,102.9,2112
南　　昌,99.9,100.6,100.6,2112
赣　　州,100.4,102.5,104.6,2112
济　　南,100.0,105.1,104.7,2112
烟　　台,99.7,100.9,103.4,2112
青　　岛,99.9,104.4,105.9,2112
济　　宁,99.5,104.9,109.6,2112
郑　　州,99.3,101.9,101.4,2112
洛　　阳,99.3,102.8,103.9,2112
武　　汉,99.7,103.7,105.9,2112
平 顶 山,99.9,101.7,103.5,2112
长　　沙,100.3,107.5,109.4,2112
宜　　昌,99.6,102.2,104.0,2112
广　　州,99.4,105.0,108.7,2112
襄　　阳,99.0,101.1,103.2,2112
深　　圳,99.9,103.3,104.8,2112
岳　　阳,99.6,97.6,98.0,2112
南　　宁,99.8,101.7,103.9,2112
常　　德,99.7,97.5,96.3,2112
海　　口,99.7,104.0,105.8,2112
韶　　关,99.5,100.5,100.8,2112
重　　庆,100.3,107.9,110.1,2112
湛　　江,98.9,99.6,100.7,2112
成　　都,99.6,102.4,104.5,2112
惠　　州,99.7,100.9,104.2,2112
贵　　阳,99.5,100.2,102.2,2112
桂　　林,100.4,99.9,100.3,2112
昆　　明,99.8,99.4,102.0,2112
北　　海,99.4,98.4,96.1,2112
西　　安,99.5,106.3,109.7,2112
三　　亚,100.2,105.0,108.2,2112
兰　　州,99.6,102.6,105.2,2112
泸　　州,100.0,96.8,97.0,2112
西　　宁,99.0,103.7,107.6,2112
南　　充,99.3,97.8,97.0,2112
银　　川,99.6,106.7,113.1,2112
遵　　义,100.1,100.4,100.5,2112
乌鲁木齐,99.6,102.8,104.0,2112
大　　理,99.6,95.7,96.0,2112
北　　京,100.8,105.4,105.4,2107
唐　　山,99.6,103.1,104.5,2107
天　　津,100.6,104.3,104.8,2107
秦 皇 岛,99.8,100.3,100.9,2107
石 家 庄,100.2,102.8,102.9,2107
包　　头,100.2,103.0,103.0,2107
太　　原,100.0,98.0,98.9,2107
丹　　东,100.4,105.1,105.0,2107
呼和浩特,99.9,102.3,102.6,2107
锦　　州,100.3,104.8,105.6,2107
沈　　阳,100.5,104.2,105.3,2107
吉　　林,100.5,103.5,103.8,2107
大　　连,100.6,106.1,106.8,2107
牡 丹 江,99.9,99.9,99.3,2107
长　　春,100.1,100.9,101.5,2107
无　　锡,100.9,105.4,106.5,2107
哈 尔 滨,100.0,99.9,100.3,2107
徐　　州,100.3,107.9,109.0,2107
上　　海,100.4,104.5,104.8,2107
扬　　州,100.6,109.0,109.3,2107
南　　京,100.4,104.6,105.9,2107
温　　州,100.5,104.4,105.0,2107
杭　　州,100.5,102.8,104.1,2107
金　　华,100.3,106.1,106.5,2107
宁　　波,100.4,104.7,105.3,2107
蚌　　埠,100.5,103.6,104.0,2107
合　　肥,100.1,106.1,105.8,2107
安　　庆,99.9,99.2,98.6,2107
福　　州,100.3,105.7,106.1,2107
泉　　州,100.6,107.2,107.6,2107
厦　　门,100.4,105.5,105.9,2107
九　　江,100.5,103.4,104.2,2107
南　　昌,100.3,101.0,101.6,2107
赣　　州,99.9,104.3,104.7,2107
济　　南,100.7,104.2,104.7,2107
烟　　台,100.6,105.0,104.9,2107
青　　岛,101.0,105.4,105.7,2107
济　　宁,100.7,110.2,110.2,2107
郑　　州,100.4,103.7,103.7,2107
洛　　阳,100.6,103.6,103.9,2107
武　　汉,100.6,106.5,107.0,2107
平 顶 山,99.9,102.7,103.0,2107
长　　沙,100.8,107.1,107.8,2107
宜　　昌,100.6,104.8,105.2,2107
广　　州,100.2,110.9,110.5,2107
襄　　阳,100.5,105.0,104.8,2107
深　　圳,100.5,103.3,104.0,2107
岳　　阳,99.3,99.1,99.6,2107
南　　宁,100.3,104.9,105.5,2107
常　　德,99.9,97.9,98.4,2107
海　　口,101.0,106.5,106.2,2107
韶　　关,99.5,103.0,102.8,2107
重　　庆,100.7,108.3,109.1,2107
湛　　江,100.4,104.7,104.2,2107
成　　都,100.4,104.8,105.8,2107
惠　　州,100.0,105.1,105.7,2107
贵　　阳,100.5,104.9,104.5,2107
桂　　林,99.7,101.6,102.1,2107
昆　　明,99.5,103.8,104.2,2107
北　　海,100.3,97.7,97.9,2107
西　　安,100.7,108.1,108.3,2107
三　　亚,100.5,106.6,106.1,2107
兰　　州,100.4,106.7,106.7,2107
泸　　州,99.8,99.7,99.8,2107
西　　宁,100.7,108.6,108.8,2107
南　　充,99.7,99.0,99.6,2107
银　　川,101.0,110.0,111.6,2107
遵　　义,99.4,102.1,101.9,2107
乌鲁木齐,100.4,103.5,104.5,2107
大　　理,99.5,98.8,98.5,2107
北　　京,100.1,99.4,134.9,1803
唐　　山,100.8,106.6,110.4,1803
天　　津,100.0,100.4,129.3,1803
秦 皇 岛,101.4,107.7,115.6,1803
石 家 庄,100.7,102.5,124.9,1803
包　　头,100.6,107.2,106.4,1803
太　　原,100.6,107.6,113.2,1803
丹　　东,100.4,104.1,102.0,1803
呼和浩特,100.5,107.6,108.5,1803
锦　　州,100.9,103.9,99.7,1803
沈　　阳,100.5,111.4,116.9,1803
吉　　林,100.3,106.9,109.6,1803
大　　连,100.7,110.8,114.1,1803
牡 丹 江,100.5,106.5,105.3,1803
长　　春,101.0,109.3,114.5,1803
无　　锡,99.9,98.4,132.7,1803
哈 尔 滨,100.9,111.1,115.6,1803
扬　　州,100.6,107.7,122.4,1803
上　　海,100.2,99.7,145.2,1803
徐　　州,100.7,110.0,122.8,1803
南　　京,99.7,98.3,145.4,1803
温　　州,99.9,106.5,114.1,1803
杭　　州,100.3,99.6,133.3,1803
金　　华,100.3,108.2,119.2,1803
宁　　波,100.3,105.5,122.1,1803
蚌　　埠,99.7,107.0,116.7,1803
合　　肥,100.0,99.6,148.0,1803
安　　庆,100.0,103.9,113.6,1803
福　　州,99.6,98.2,127.5,1803
泉　　州,100.1,99.6,110.7,1803
厦　　门,99.8,100.1,150.9,1803
九　　江,100.5,106.5,121.9,1803
南　　昌,100.6,104.6,124.4,1803
赣　　州,100.2,101.8,116.6,1803
济　　南,100.2,100.9,122.3,1803
烟　　台,100.4,108.4,115.6,1803
青　　岛,100.4,103.3,118.3,1803
济　　宁,100.4,108.5,110.3,1803
郑　　州,99.9,99.2,129.7,1803
洛　　阳,100.4,108.2,114.6,1803
武　　汉,99.8,101.2,130.1,1803
平 顶 山,100.1,107.2,112.2,1803
长　　沙,100.3,104.4,127.1,1803
宜　　昌,100.9,108.5,116.5,1803
广　　州,100.2,100.8,137.0,1803
襄　　阳,100.2,106.5,108.8,1803
深　　圳,99.9,97.7,144.7,1803
岳　　阳,100.7,108.6,115.0,1803
南　　宁,100.5,107.6,124.2,1803
常　　德,100.0,107.2,111.3,1803
海　　口,102.1,104.8,115.8,1803
惠　　州,99.9,103.1,131.3,1803
重　　庆,100.7,107.7,119.8,1803
湛　　江,100.3,108.2,117.0,1803
成　　都,100.2,100.8,106.6,1803
韶　　关,100.6,106.0,117.0,1803
贵　　阳,100.7,110.3,118.2,1803
桂　　林,100.6,108.5,112.8,1803
昆　　明,100.8,111.5,116.6,1803
北　　海,100.8,112.3,118.7,1803
西　　安,100.9,111.2,123.7,1803
三　　亚,100.7,102.2,112.8,1803
兰　　州,100.4,105.6,110.4,1803
泸　　州,100.3,106.7,111.1,1803
西　　宁,100.0,106.0,107.8,1803
南　　充,100.6,110.1,112.9,1803
银　　川,100.8,105.9,106.7,1803
遵　　义,100.9,109.3,111.3,1803
乌鲁木齐,100.8,109.3,107.4,1803
大　　理,100.9,108.1,110.8,1803
北　　京,99.9,101.9,103.6,2311
唐　　山,99.3,98.4,98.4,2311
天　　津,100.4,102.0,99.7,2311
秦 皇 岛,99.4,96.8,95.8,2311
石 家 庄,99.7,100.0,99.0,2311
包　　头,99.8,97.0,97.1,2311
太　　原,99.7,100.1,98.3,2311
丹　　东,99.7,97.9,97.3,2311
呼和浩特,99.6,98.9,98.7,2311
锦　　州,99.6,99.6,98.0,2311
沈　　阳,99.2,98.3,96.8,2311
吉　　林,100.3,99.6,97.4,2311
大　　连,99.1,96.1,95.6,2311
牡 丹 江,99.6,96.3,96.6,2311
长　　春,99.5,96.6,95.7,2311
无　　锡,99.3,98.4,98.8,2311
哈 尔 滨,99.6,98.7,96.7,2311
徐　　州,99.2,98.5,100.0,2311
上　　海,100.6,104.7,104.4,2311
扬　　州,99.1,98.4,99.7,2311
南　　京,99.0,98.0,100.1,2311
温　　州,99.5,97.5,95.3,2311
杭　　州,100.4,102.7,104.4,2311
金　　华,99.4,96.3,96.8,2311
宁　　波,99.6,101.6,102.9,2311
蚌　　埠,99.7,100.0,99.2,2311
合　　肥,99.8,100.8,102.8,2311
安　　庆,99.3,98.9,98.7,2311
福　　州,99.6,98.6,98.6,2311
泉　　州,100.0,99.1,97.1,2311
厦　　门,99.5,97.6,97.5,2311
九　　江,99.6,98.8,99.5,2311
南　　昌,99.2,99.3,101.4,2311
赣　　州,99.5,96.6,98.1,2311
济　　南,99.8,102.1,102.8,2311
烟　　台,99.2,99.3,99.7,2311
青　　岛,99.5,100.9,101.7,2311
济　　宁,99.4,98.2,97.1,2311
郑　　州,99.6,98.3,98.9,2311
洛　　阳,99.5,98.0,97.5,2311
武　　汉,99.5,101.4,98.9,2311
平 顶 山,99.8,98.1,98.2,2311
长　　沙,99.8,102.9,103.5,2311
宜　　昌,100.1,97.4,96.3,2311
广　　州,99.1,97.6,99.0,2311
襄　　阳,99.7,99.0,98.3,2311
深　　圳,99.2,96.9,97.9,2311
岳　　阳,99.5,97.7,95.6,2311
南　　宁,99.0,98.3,97.9,2311
常　　德,99.2,98.0,97.0,2311
海　　口,99.7,102.6,102.0,2311
韶　　关,99.2,97.9,98.7,2311
重　　庆,99.8,102.3,101.0,2311
湛　　江,99.3,100.6,98.4,2311
成　　都,100.3,105.4,107.2,2311
惠　　州,99.3,95.0,96.9,2311
贵　　阳,99.4,99.1,98.3,2311
桂　　林,99.8,97.7,97.2,2311
昆　　明,100.5,99.2,98.6,2311
北　　海,99.5,101.6,97.6,2311
西　　安,100.2,104.1,102.1,2311
三　　亚,99.9,103.1,101.7,2311
兰　　州,100.0,99.4,98.0,2311
泸　　州,99.5,97.9,98.1,2311
西　　宁,99.4,98.6,99.1,2311
南　　充,99.9,99.3,100.1,2311
银　　川,99.9,101.5,101.7,2311
遵　　义,99.6,99.9,100.6,2311
乌鲁木齐,99.9,100.4,100.8,2311
大　　理,100.1,97.4,97.0,2311
北　　京,100.2,104.3,104.7,2305
唐　　山,99.9,98.3,98.0,2305
天　　津,100.2,99.7,98.4,2305
秦 皇 岛,100.1,95.2,95.0,2305
石 家 庄,100.5,99.4,98.3,2305
包　　头,99.8,98.0,96.8,2305
太　　原,100.7,98.6,97.1,2305
丹　　东,99.6,97.1,96.6,2305
呼和浩特,100.1,98.7,97.9,2305
锦　　州,100.1,97.9,97.0,2305
沈　　阳,100.3,97.0,96.1,2305
吉　　林,100.6,97.5,96.2,2305
大　　连,99.7,95.3,95.3,2305
牡 丹 江,100.1,97.0,97.1,2305
长　　春,99.8,95.5,95.3,2305
无　　锡,99.8,99.5,99.1,2305
哈 尔 滨,100.3,97.1,95.1,2305
徐　　州,100.1,101.3,100.1,2305
上　　海,100.3,104.9,104.4,2305
扬　　州,100.3,101.3,99.4,2305
南　　京,99.7,101.5,100.5,2305
温　　州,99.8,95.0,93.8,2305
杭　　州,100.2,105.1,105.8,2305
金　　华,99.7,96.8,97.4,2305
宁　　波,100.4,103.8,102.7,2305
蚌　　埠,100.2,100.1,98.6,2305
合　　肥,100.2,104.4,103.7,2305
安　　庆,100.2,99.0,97.5,2305
福　　州,100.1,99.6,98.5,2305
泉　　州,100.3,96.3,95.8,2305
厦　　门,99.8,98.3,97.3,2305
九　　江,100.1,100.3,99.3,2305
南　　昌,100.4,102.2,101.9,2305
赣　　州,99.8,98.9,99.2,2305
济　　南,100.7,103.8,102.8,2305
烟　　台,100.1,100.3,99.2,2305
青　　岛,100.3,102.3,102.0,2305
济　　宁,99.5,96.4,96.4,2305
郑　　州,99.8,100.1,98.9,2305
洛　　阳,100.1,98.6,96.7,2305
武　　汉,100.2,99.2,96.8,2305
平 顶 山,100.2,99.0,98.1,2305
长　　沙,100.4,103.8,103.5,2305
宜　　昌,99.3,95.5,95.7,2305
广　　州,100.1,99.6,99.7,2305
襄　　阳,100.2,98.9,97.3,2305
深　　圳,99.8,98.2,98.7,2305
岳　　阳,99.8,95.6,93.9,2305
南　　宁,100.4,98.2,97.4,2305
常　　德,99.8,97.1,95.8,2305
海　　口,100.4,101.7,101.5,2305
韶　　关,100.7,100.0,98.5,2305
重　　庆,99.9,101.3,100.3,2305
湛　　江,100.8,99.2,95.7,2305
成　　都,100.5,108.3,108.5,2305
惠　　州,99.6,98.6,97.8,2305
贵　　阳,100.4,98.5,98.1,2305
桂　　林,99.6,97.8,96.9,2305
昆　　明,99.6,99.1,98.2,2305
北　　海,100.5,97.2,94.0,2305
西　　安,100.4,101.7,101.6,2305
三　　亚,100.6,101.7,100.2,2305
兰　　州,100.5,98.0,96.2,2305
泸　　州,100.5,99.4,97.3,2305
西　　宁,100.2,100.5,98.9,2305
南　　充,99.4,101.1,99.6,2305
银　　川,100.2,102.5,101.8,2305
遵　　义,99.5,101.3,100.5,2305
乌鲁木齐,100.3,100.5,101.2,2305
大　　理,99.2,96.8,96.5,2305
北　　京,99.8,94.3,94.4,2503
唐　　山,99.7,92.4,92.4,2503
天　　津,100.3,97.8,97.6,2503
秦 皇 岛,99.5,92.9,92.8,2503
石 家 庄,99.9,96.0,96.2,2503
包　　头,99.4,93.4,93.5,2503
太　　原,100.2,101.0,101.1,2503
丹　　东,99.3,93.5,93.7,2503
呼和浩特,99.5,93.8,94.0,2503
锦　　州,99.9,95.2,95.2,2503
沈　　阳,99.9,97.4,97.0,2503
吉　　林,99.6,93.7,94.1,2503
大　　连,99.5,94.8,94.7,2503
牡 丹 江,99.7,92.9,92.8,2503
长　　春,99.7,96.1,95.9,2503
无　　锡,99.9,95.6,95.9,2503
哈 尔 滨,99.8,94.7,94.3,2503
徐　　州,99.7,94.4,94.1,2503
上　　海,100.7,105.7,105.6,2503
扬　　州,99.6,93.7,93.7,2503
南　　京,100.1,97.9,96.6,2503
温　　州,99.7,91.1,90.6,2503
杭　　州,100.5,99.2,98.8,2503
金　　华,100.0,91.7,90.6,2503
宁　　波,100.4,94.4,93.5,2503
蚌　　埠,99.6,93.9,93.7,2503
合　　肥,100.2,95.1,94.7,2503
安　　庆,99.7,94.3,94.0,2503
福　　州,100.1,93.1,92.7,2503
泉　　州,100.2,92.5,92.2,2503
厦　　门,100.0,93.5,92.9,2503
九　　江,99.7,93.3,92.9,2503
南　　昌,100.2,95.6,95.0,2503
赣　　州,99.9,95.0,94.9,2503
济　　南,100.3,94.9,94.3,2503
烟　　台,99.6,93.8,93.9,2503
青　　岛,100.2,95.7,95.2,2503
济　　宁,99.8,95.2,95.0,2503
郑　　州,100.0,95.4,94.9,2503
洛　　阳,99.8,94.3,94.1,2503
武　　汉,100.1,94.2,93.6,2503
平 顶 山,99.9,98.7,98.8,2503
长　　沙,100.3,94.2,93.7,2503
宜　　昌,100.3,96.3,95.6,2503
广　　州,99.9,92.8,92.2,2503
襄　　阳,100.0,94.7,94.0,2503
深　　圳,100.1,96.1,95.5,2503
岳　　阳,99.9,93.8,93.7,2503
南　　宁,100.2,94.7,93.8,2503
常　　德,99.6,92.7,92.5,2503
海　　口,99.8,96.2,96.1,2503
韶　　关,100.0,94.4,94.3,2503
重　　庆,100.2,94.5,94.6,2503
湛　　江,100.2,94.7,94.0,2503
成　　都,100.5,97.6,97.1,2503
惠　　州,99.9,94.2,93.9,2503
贵　　阳,99.8,95.5,95.4,2503
桂　　林,100.2,96.5,96.4,2503
昆　　明,99.6,92.1,91.9,2503
北　　海,99.7,93.5,94.1,2503
西　　安,99.8,97.7,98.3,2503
三　　亚,99.8,96.8,96.7,2503
兰　　州,99.5,92.3,92.5,2503
泸　　州,99.8,93.1,92.7,2503
西　　宁,99.5,94.4,94.5,2503
南　　充,99.9,97.0,97.1,2503
银　　川,100.1,96.0,95.7,2503
遵　　义,100.1,96.5,96.5,2503
乌鲁木齐,100.1,97.2,97.0,2503
大　　理,99.7,93.2,93.5,2503
北　　京,99.6,94.3,,2501
唐　　山,99.8,92.4,,2501
天　　津,100.3,97.9,,2501
秦 皇 岛,99.7,92.7,,2501
石 家 庄,99.9,96.5,,2501
包　　头,99.9,93.4,,2501
太　　原,100.3,101.0,,2501
丹　　东,99.4,93.9,,2501
呼和浩特,99.4,94.2,,2501
锦　　州,99.5,95.4,,2501
沈　　阳,99.8,96.3,,2501
吉　　林,99.7,94.4,,2501
大　　连,100.2,94.2,,2501
牡 丹 江,99.6,92.9,,2501
长　　春,99.8,95.8,,2501
无　　锡,100.5,96.6,,2501
哈 尔 滨,99.9,93.7,,2501
徐　　州,99.6,93.9,,2501
上　　海,100.6,105.6,,2501
扬　　州,99.5,93.7,,2501
南　　京,100.7,95.2,,2501
温　　州,99.9,90.0,,2501
杭　　州,100.3,98.6,,2501
金　　华,100.0,89.7,,2501
宁　　波,100.6,92.8,,2501
蚌　　埠,99.8,93.5,,2501
合　　肥,99.9,94.1,,2501
安　　庆,99.9,93.7,,2501
福　　州,100.2,92.3,,2501
泉　　州,100.1,92.0,,2501
厦　　门,100.1,92.1,,2501
九　　江,99.6,92.3,,2501
南　　昌,99.7,94.4,,2501
赣　　州,100.2,94.7,,2501
济　　南,99.8,93.7,,2501
烟　　台,99.6,94.1,,2501
青　　岛,100.1,94.8,,2501
济　　宁,99.8,94.7,,2501
郑　　州,100.3,94.6,,2501
洛　　阳,99.7,93.9,,2501
武　　汉,100.5,93.1,,2501
平 顶 山,100.1,98.8,,2501
长　　沙,100.0,93.5,,2501
宜　　昌,99.9,94.9,,2501
广　　州,100.0,91.6,,2501
襄　　阳,99.8,93.3,,2501
深　　圳,100.2,94.8,,2501
岳　　阳,99.8,93.6,,2501
南　　宁,100.1,93.0,,2501
常　　德,99.7,92.1,,2501
海　　口,100.4,95.8,,2501
韶　　关,99.7,94.2,,2501
重　　庆,100.4,94.8,,2501
湛　　江,99.9,93.3,,2501
成　　都,100.7,96.6,,2501
惠　　州,100.2,93.8,,2501
贵　　阳,99.8,95.1,,2501
桂　　林,99.8,96.2,,2501
昆　　明,99.7,91.9,,2501
北　　海,99.4,94.7,,2501
西　　安,99.6,99.0,,2501
三　　亚,100.2,96.6,,2501
兰　　州,100.0,92.4,,2501
泸　　州,99.5,92.2,,2501
西　　宁,99.7,94.5,,2501
南　　充,99.7,97.1,,2501
银　　川,99.8,95.6,,2501
遵　　义,100.1,96.6,,2501
乌鲁木齐,99.6,97.0,,2501
大　　理,99.7,93.7,,2501
北　　京,100.4,103.5,104.3,2307
唐　　山,99.7,98.5,98.2,2307
天　　津,99.8,100.5,98.9,2307
秦 皇 岛,99.4,95.9,95.2,2307
石 家 庄,99.8,99.6,98.7,2307
包　　头,99.4,97.4,97.0,2307
太　　原,100.1,98.8,97.5,2307
丹　　东,100.2,98.0,96.9,2307
呼和浩特,99.9,99.1,98.3,2307
锦　　州,100.1,98.2,97.3,2307
沈　　阳,99.4,96.4,96.2,2307
吉　　林,99.4,98.0,96.7,2307
大　　连,99.3,95.2,95.4,2307
牡 丹 江,99.7,96.5,97.0,2307
长　　春,99.3,96.3,95.6,2307
无　　锡,99.4,98.6,99.0,2307
哈 尔 滨,99.6,97.8,95.9,2307
徐　　州,100.2,100.8,100.3,2307
上　　海,100.2,104.5,104.4,2307
扬　　州,99.7,100.7,99.9,2307
南　　京,99.9,100.5,100.6,2307
温　　州,99.6,96.2,94.4,2307
杭　　州,100.0,103.7,105.3,2307
金　　华,99.1,96.4,97.2,2307
宁　　波,99.6,103.8,103.1,2307
蚌　　埠,99.8,99.8,98.9,2307
合　　肥,99.7,102.8,103.6,2307
安　　庆,99.9,100.2,98.1,2307
福　　州,99.6,98.4,98.6,2307
泉　　州,100.1,97.2,96.1,2307
厦　　门,99.5,97.5,97.4,2307
九　　江,99.9,100.1,99.6,2307
南　　昌,99.7,101.8,102.0,2307
赣　　州,99.5,97.5,98.8,2307
济　　南,100.1,103.5,103.1,2307
烟　　台,99.6,100.2,99.5,2307
青　　岛,99.9,102.0,102.0,2307
济　　宁,100.2,97.4,96.6,2307
郑　　州,99.3,99.1,99.1,2307
洛　　阳,99.7,98.2,97.2,2307
武　　汉,99.9,99.7,97.6,2307
平 顶 山,99.6,98.3,98.2,2307
长　　沙,100.1,103.5,103.5,2307
宜　　昌,99.0,96.2,95.9,2307
广　　州,99.8,98.7,99.5,2307
襄　　阳,99.5,99.1,97.9,2307
深　　圳,99.4,97.2,98.3,2307
岳　　阳,99.4,96.9,94.7,2307
南　　宁,99.3,98.0,97.6,2307
常　　德,100.1,97.8,96.3,2307
海　　口,100.2,102.1,101.7,2307
韶　　关,99.7,99.8,98.9,2307
重　　庆,100.3,100.5,100.4,2307
湛　　江,99.7,100.4,97.0,2307
成　　都,100.2,106.4,108.0,2307
惠　　州,99.3,96.5,97.5,2307
贵　　阳,99.5,98.3,98.2,2307
桂　　林,99.4,97.3,97.0,2307
昆　　明,99.9,99.2,98.4,2307
北　　海,100.3,99.8,95.4,2307
西　　安,100.5,101.6,101.6,2307
三　　亚,100.2,102.3,100.8,2307
兰　　州,100.1,99.4,97.0,2307
泸　　州,99.4,99.0,97.8,2307
西　　宁,99.6,99.7,99.2,2307
南　　充,99.8,100.7,100.0,2307
银　　川,99.6,101.8,102.0,2307
遵　　义,100.2,101.1,100.6,2307
乌鲁木齐,99.8,100.3,100.9,2307
大　　理,100.3,98.1,96.8,2307
北　　京,100.2,98.8,133.6,1801
唐　　山,100.7,106.9,109.4,1801
天　　津,100.5,99.9,128.0,1801
秦 皇 岛,100.8,105.8,112.4,1801
石 家 庄,100.1,102.6,123.6,1801
包　　头,100.8,103.8,102.7,1801
太　　原,100.5,107.8,112.3,1801
丹　　东,100.1,104.2,102.0,1801
呼和浩特,100.1,106.8,107.2,1801
锦　　州,100.4,100.9,96.9,1801
沈　　阳,100.9,111.4,114.9,1801
吉　　林,100.5,108.1,109.6,1801
大　　连,101.6,110.4,112.4,1801
牡 丹 江,100.3,106.9,105.0,1801
长　　春,100.7,109.5,113.4,1801
无　　锡,99.7,97.3,131.0,1801
哈 尔 滨,100.1,111.5,114.3,1801
扬　　州,100.9,109.1,121.0,1801
上　　海,99.6,99.8,145.1,1801
徐　　州,100.6,108.3,119.3,1801
南　　京,99.7,98.0,145.3,1801
温　　州,100.4,107.2,114.0,1801
杭　　州,100.0,99.0,132.6,1801
金　　华,100.2,109.3,118.7,1801
宁　　波,100.7,106.2,121.7,1801
蚌　　埠,99.9,108.4,117.2,1801
合　　肥,99.9,99.7,148.3,1801
安　　庆,100.5,105.7,113.5,1801
福　　州,100.0,97.7,127.0,1801
泉　　州,99.7,100.1,110.1,1801
厦　　门,99.7,102.3,151.6,1801
九　　江,100.5,108.3,121.2,1801
南　　昌,99.9,106.0,123.6,1801
赣　　州,100.2,101.1,115.1,1801
济　　南,100.5,100.9,121.5,1801
烟　　台,101.0,109.5,115.5,1801
青　　岛,100.1,103.6,117.3,1801
济　　宁,100.2,109.8,110.3,1801
郑　　州,99.7,99.0,129.4,1801
洛　　阳,100.5,108.9,113.6,1801
武　　汉,100.4,100.7,129.9,1801
平 顶 山,100.6,107.0,111.3,1801
长　　沙,100.4,105.4,125.9,1801
宜　　昌,100.9,108.2,114.2,1801
广　　州,99.6,103.7,136.4,1801
襄　　阳,101.2,106.7,108.4,1801
深　　圳,100.0,96.6,144.3,1801
岳　　阳,100.0,107.9,112.8,1801
南　　宁,100.1,108.4,123.1,1801
常　　德,100.3,110.2,112.5,1801
海　　口,100.4,101.7,108.7,1801
惠　　州,100.0,103.7,130.5,1801
重　　庆,100.3,108.3,118.0,1801
湛　　江,100.1,108.3,116.2,1801
成　　都,100.2,98.7,105.5,1801
韶　　关,99.5,104.3,112.1,1801
贵　　阳,101.0,111.2,117.1,1801
桂　　林,99.8,107.2,110.1,1801
昆　　明,101.4,110.6,114.5,1801
北　　海,99.7,110.5,115.2,1801
西　　安,100.6,111.1,121.1,1801
三　　亚,100.9,103.3,110.0,1801
兰　　州,100.4,105.3,109.2,1801
泸　　州,100.8,106.6,110.3,1801
西　　宁,100.2,105.7,107.0,1801
南　　充,100.3,109.9,110.5,1801
银　　川,100.4,104.1,105.0,1801
遵　　义,101.1,107.9,109.2,1801
乌鲁木齐,100.4,107.5,105.2,1801
大　　理,100.7,106.4,108.9,1801
北　　京,100.3,105.4,106.4,2111
唐　　山,99.7,98.6,102.0,2111
天　　津,99.4,103.0,103.7,2111
秦 皇 岛,99.6,97.3,98.6,2111
石 家 庄,98.8,99.2,100.7,2111
包　　头,99.5,101.0,102.1,2111
太　　原,99.5,97.7,97.2,2111
丹　　东,99.8,102.7,105.4,2111
呼和浩特,99.5,99.3,101.5,2111
锦　　州,99.5,103.7,106.2,2111
沈　　阳,99.6,102.8,104.7,2111
吉　　林,99.6,101.7,103.1,2111
大　　连,99.8,105.3,107.1,2111
牡 丹 江,99.5,98.5,97.9,2111
长　　春,99.7,100.9,101.9,2111
无　　锡,99.7,104.4,107.0,2111
哈 尔 滨,99.3,98.3,98.4,2111
徐　　州,99.8,104.3,108.3,2111
上　　海,100.2,104.0,105.7,2111
扬　　州,99.2,105.1,107.6,2111
南　　京,99.5,103.9,105.7,2111
温　　州,99.9,103.7,105.6,2111
杭　　州,100.5,104.7,106.0,2111
金　　华,99.7,104.8,106.6,2111
宁　　波,99.7,103.5,105.3,2111
蚌　　埠,99.7,101.7,103.8,2111
合　　肥,99.7,104.0,105.9,2111
安　　庆,99.8,99.1,98.8,2111
福　　州,99.6,104.2,105.7,2111
泉　　州,99.5,105.0,107.3,2111
厦　　门,99.4,104.3,106.4,2111
九　　江,99.6,102.5,103.4,2111
南　　昌,99.6,101.2,100.8,2111
赣　　州,99.9,102.3,104.2,2111
济　　南,99.5,105.0,104.7,2111
烟　　台,99.7,101.3,103.7,2111
青　　岛,99.7,104.7,106.1,2111
济　　宁,99.6,105.9,110.1,2111
郑　　州,99.4,102.4,102.1,2111
洛　　阳,99.8,103.5,104.6,2111
武　　汉,99.2,104.3,106.2,2111
平 顶 山,99.6,102.1,103.6,2111
长　　沙,100.2,107.5,109.1,2111
宜　　昌,99.8,102.6,104.3,2111
广　　州,99.4,106.3,109.3,2111
襄　　阳,99.3,102.3,104.3,2111
深　　圳,100.0,103.4,104.9,2111
岳　　阳,100.3,98.0,98.4,2111
南　　宁,99.9,102.1,104.1,2111
常　　德,99.8,97.8,96.6,2111
海　　口,99.5,104.5,106.1,2111
韶　　关,99.8,100.9,101.4,2111
重　　庆,99.8,108.0,109.8,2111
湛　　江,99.6,100.6,101.8,2111
成　　都,99.8,102.6,104.9,2111
惠　　州,100.1,101.4,104.5,2111
贵　　阳,98.9,101.1,102.7,2111
桂　　林,99.5,99.8,99.9,2111
昆　　明,100.0,99.8,102.2,2111
北　　海,99.5,98.5,96.8,2111
西　　安,100.2,107.4,110.2,2111
三　　亚,100.7,105.3,108.0,2111
兰　　州,99.6,103.5,105.6,2111
泸　　州,99.3,96.7,97.0,2111
西　　宁,99.5,105.5,108.7,2111
南　　充,99.3,98.4,97.7,2111
银　　川,100.3,107.7,113.6,2111
遵　　义,99.5,100.3,100.4,2111
乌鲁木齐,99.5,102.6,104.4,2111
大　　理,99.0,95.8,96.4,2111
北　　京,100.3,104.3,103.6,2105
唐　　山,100.1,105.9,104.4,2105
天　　津,100.6,103.9,103.4,2105
秦 皇 岛,100.0,101.7,101.4,2105
石 家 庄,100.4,103.1,102.6,2105
包　　头,100.7,103.3,102.8,2105
太　　原,100.3,98.7,99.1,2105
丹　　东,100.2,105.5,104.5,2105
呼和浩特,100.5,103.1,102.5,2105
锦　　州,100.7,105.7,104.7,2105
沈　　阳,100.9,104.7,104.1,2105
吉　　林,100.4,103.4,102.8,2105
大　　连,101.2,105.8,105.1,2105
牡 丹 江,100.3,99.3,99.2,2105
长　　春,100.3,101.7,101.2,2105
无　　锡,100.8,105.7,104.4,2105
哈 尔 滨,100.4,99.9,100.4,2105
徐　　州,100.7,109.7,107.9,2105
上　　海,100.4,104.5,103.9,2105
扬　　州,101.0,108.8,107.5,2105
南　　京,100.8,104.6,104.7,2105
温　　州,100.7,105.2,103.9,2105
杭　　州,100.6,103.2,102.8,2105
金　　华,100.5,106.6,105.6,2105
宁　　波,100.4,105.0,104.3,2105
蚌　　埠,99.7,104.0,103.1,2105
合　　肥,100.2,107.1,105.5,2105
安　　庆,99.8,98.7,99.0,2105
福　　州,100.5,105.8,105.4,2105
泉　　州,100.6,107.7,106.5,2105
厦　　门,100.9,106.1,104.8,2105
九　　江,100.3,103.8,103.4,2105
南　　昌,100.0,101.2,101.4,2105
赣　　州,100.4,105.3,104.4,2105
济　　南,101.0,102.4,102.5,2105
烟　　台,100.4,105.2,104.0,2105
青　　岛,100.8,105.1,104.0,2105
济　　宁,101.0,110.4,108.6,2105
郑　　州,100.8,102.7,102.5,2105
洛　　阳,100.8,103.5,102.8,2105
武　　汉,100.9,107.3,105.6,2105
平 顶 山,100.2,103.8,103.0,2105
长　　沙,100.8,106.7,105.6,2105
宜　　昌,100.7,104.9,104.1,2105
广　　州,101.5,111.2,109.3,2105
襄　　阳,100.4,105.4,104.0,2105
深　　圳,100.6,103.7,103.0,2105
岳　　阳,100.5,100.9,100.6,2105
南　　宁,100.6,105.9,104.7,2105
常　　德,99.7,98.6,99.0,2105
海　　口,100.4,105.4,104.3,2105
韶　　关,100.3,102.9,102.4,2105
重　　庆,101.9,108.0,107.3,2105
湛　　江,100.6,104.8,103.9,2105
成　　都,100.4,106.2,105.1,2105
惠　　州,100.7,107.5,105.1,2105
贵　　阳,100.3,105.2,104.2,2105
桂　　林,100.5,101.8,102.0,2105
昆　　明,100.0,106.8,105.7,2105
北　　海,100.6,96.3,97.3,2105
西　　安,100.5,108.0,106.5,2105
三　　亚,100.3,106.8,105.0,2105
兰　　州,100.4,106.6,105.7,2105
泸　　州,100.5,100.6,100.1,2105
西　　宁,100.8,107.9,107.1,2105
南　　充,99.8,98.5,100.3,2105
银　　川,101.0,112.4,109.7,2105
遵　　义,100.6,102.2,102.3,2105
乌鲁木齐,100.7,104.7,103.9,2105
大　　理,99.6,99.8,99.5,2105
北　　京,100.6,104.5,103.3,2104
唐　　山,100.3,106.9,104.3,2104
天　　津,100.7,103.6,102.7,2104
秦 皇 岛,100.0,102.5,101.3,2104
石 家 庄,100.5,102.8,102.3,2104
包　　头,100.3,103.4,102.1,2104
太　　原,100.2,98.9,98.8,2104
丹　　东,100.2,105.6,104.3,2104
呼和浩特,100.0,103.6,102.0,2104
锦　　州,100.2,106.0,104.0,2104
沈　　阳,100.6,104.9,103.2,2104
吉　　林,100.8,103.2,102.5,2104
大　　连,100.7,105.4,103.9,2104
牡 丹 江,100.4,98.7,98.9,2104
长　　春,100.3,101.8,100.9,2104
无　　锡,100.6,105.9,103.6,2104
哈 尔 滨,100.2,99.6,99.9,2104
徐　　州,100.9,109.9,107.1,2104
上　　海,100.3,104.9,103.6,2104
扬　　州,100.9,108.5,106.5,2104
南　　京,100.6,105.1,103.9,2104
温　　州,100.6,105.2,103.2,2104
杭　　州,100.5,103.3,102.3,2104
金　　华,100.4,106.9,105.0,2104
宁　　波,100.6,105.9,103.9,2104
蚌　　埠,99.8,104.8,103.4,2104
合　　肥,100.5,106.8,105.3,2104
安　　庆,99.7,98.8,99.2,2104
福　　州,100.6,105.7,104.8,2104
泉　　州,100.7,108.0,105.8,2104
厦　　门,100.2,105.6,103.8,2104
九　　江,100.4,104.0,103.0,2104
南　　昌,100.5,101.6,101.4,2104
赣　　州,100.2,105.2,103.9,2104
济　　南,100.8,101.9,101.4,2104
烟　　台,100.6,105.1,103.6,2104
青　　岛,100.7,104.6,103.2,2104
济　　宁,100.7,110.0,107.5,2104
郑　　州,100.7,101.8,101.7,2104
洛　　阳,100.6,102.9,102.1,2104
武　　汉,101.0,106.7,104.7,2104
平 顶 山,100.2,104.0,102.8,2104
长　　沙,100.7,106.3,104.7,2104
宜　　昌,100.8,104.6,103.4,2104
广　　州,101.1,109.9,107.7,2104
襄　　阳,100.7,105.0,103.6,2104
深　　圳,100.5,103.9,102.4,2104
岳　　阳,100.2,100.9,100.2,2104
南　　宁,100.4,106.0,104.1,2104
常　　德,100.0,99.2,99.3,2104
海　　口,101.0,104.6,103.9,2104
韶　　关,100.5,102.3,102.1,2104
重　　庆,101.4,106.7,105.3,2104
湛　　江,100.7,103.9,103.2,2104
成　　都,100.5,106.6,104.8,2104
惠　　州,100.4,108.0,104.5,2104
贵　　阳,100.8,105.0,103.9,2104
桂　　林,100.4,101.8,101.6,2104
昆　　明,101.0,107.5,105.6,2104
北　　海,99.7,95.5,96.8,2104
西　　安,100.6,108.0,106.0,2104
三　　亚,100.2,106.0,104.6,2104
兰　　州,100.7,106.7,105.3,2104
泸　　州,99.7,100.5,99.7,2104
西　　宁,100.6,108.0,106.2,2104
南　　充,100.4,100.0,100.5,2104
银　　川,100.6,113.7,108.6,2104
遵　　义,100.3,101.5,101.6,2104
乌鲁木齐,100.3,104.5,103.2,2104
大　　理,99.8,100.1,100.0,2104
北　　京,100.6,104.9,106.1,2110
唐　　山,99.3,99.1,102.3,2110
天　　津,99.5,104.0,104.4,2110
秦 皇 岛,99.2,97.8,99.0,2110
石 家 庄,98.9,100.8,101.9,2110
包　　头,99.7,101.2,102.5,2110
太　　原,99.7,97.9,97.7,2110
丹　　东,100.2,103.7,105.7,2110
呼和浩特,99.5,100.1,102.0,2110
锦　　州,100.3,104.6,106.7,2110
沈　　阳,99.7,103.1,105.2,2110
吉　　林,99.7,101.8,103.5,2110
大　　连,99.8,105.5,107.3,2110
牡 丹 江,99.5,98.7,98.4,2110
长　　春,100.1,100.9,102.2,2110
无　　锡,100.0,104.6,107.3,2110
哈 尔 滨,99.7,98.7,99.1,2110
徐　　州,99.7,104.5,108.5,2110
上　　海,100.1,103.8,105.5,2110
扬　　州,99.6,106.0,108.5,2110
南　　京,100.0,104.5,106.1,2110
温　　州,100.0,103.4,105.7,2110
杭　　州,100.4,103.9,105.5,2110
金　　华,99.8,105.2,106.9,2110
宁　　波,99.9,103.7,105.6,2110
蚌　　埠,99.8,102.2,104.1,2110
合　　肥,99.9,104.9,106.2,2110
安　　庆,99.9,99.6,99.0,2110
福　　州,99.8,105.1,106.1,2110
泉　　州,99.9,105.7,107.9,2110
厦　　门,100.2,105.4,107.0,2110
九　　江,99.6,102.6,103.8,2110
南　　昌,99.7,101.2,101.2,2110
赣　　州,99.7,102.9,104.3,2110
济　　南,99.6,105.2,105.2,2110
烟　　台,99.5,101.8,104.0,2110
青　　岛,99.8,105.0,106.4,2110
济　　宁,99.9,107.6,110.5,2110
郑　　州,99.5,102.6,102.7,2110
洛　　阳,100.2,103.9,104.8,2110
武　　汉,99.6,105.3,107.1,2110
平 顶 山,100.3,103.0,104.0,2110
长　　沙,100.2,107.1,108.9,2110
宜　　昌,99.7,103.2,104.6,2110
广　　州,99.7,107.9,109.9,2110
襄　　阳,99.8,103.5,105.0,2110
深　　圳,99.8,103.4,104.9,2110
岳　　阳,99.3,97.6,98.1,2110
南　　宁,99.5,102.1,104.2,2110
常　　德,99.5,97.7,96.9,2110
海　　口,100.0,105.4,106.7,2110
韶　　关,98.9,101.2,101.6,2110
重　　庆,100.0,108.0,110.0,2110
湛　　江,99.3,101.4,102.2,2110
成　　都,99.4,102.8,105.2,2110
惠　　州,99.4,100.9,104.4,2110
贵　　阳,99.6,102.9,103.8,2110
桂　　林,99.3,100.0,100.4,2110
昆　　明,99.2,100.0,102.2,2110
北　　海,99.7,98.8,97.2,2110
西　　安,100.4,107.4,110.0,2110
三　　亚,100.8,105.1,107.2,2110
兰　　州,99.9,104.5,106.0,2110
泸　　州,99.1,97.3,97.7,2110
西　　宁,99.7,106.6,109.2,2110
南　　充,99.5,98.7,98.5,2110
银　　川,100.6,107.9,113.3,2110
遵　　义,99.4,101.2,101.0,2110
乌鲁木齐,99.7,103.3,104.9,2110
大　　理,99.1,96.8,97.3,2110
北　　京,100.1,103.5,104.5,2306
唐　　山,99.9,99.0,98.2,2306
天　　津,100.3,100.2,98.7,2306
秦 皇 岛,99.6,95.9,95.1,2306
石 家 庄,99.9,99.5,98.5,2306
包　　头,99.6,97.9,97.0,2306
太　　原,99.8,98.4,97.3,2306
丹　　东,100.1,97.1,96.7,2306
呼和浩特,100.2,99.4,98.2,2306
锦　　州,100.2,97.9,97.1,2306
沈　　阳,99.7,96.6,96.1,2306
吉　　林,100.2,97.6,96.4,2306
大　　连,100.2,95.8,95.4,2306
牡 丹 江,100.3,97.0,97.1,2306
长　　春,100.5,96.7,95.5,2306
无　　锡,99.6,98.9,99.1,2306
哈 尔 滨,100.3,98.0,95.6,2306
徐　　州,99.9,100.7,100.2,2306
上　　海,100.4,104.8,104.4,2306
扬　　州,100.1,101.8,99.8,2306
南　　京,99.8,100.9,100.6,2306
温　　州,100.3,95.9,94.1,2306
杭　　州,100.4,104.5,105.5,2306
金　　华,99.8,97.0,97.3,2306
宁　　波,100.3,104.1,102.9,2306
蚌　　埠,99.7,99.6,98.7,2306
合　　肥,99.9,103.8,103.7,2306
安　　庆,99.8,99.3,97.8,2306
福　　州,99.8,99.1,98.6,2306
泉　　州,99.6,96.5,95.9,2306
厦　　门,99.7,97.6,97.4,2306
九　　江,99.8,100.5,99.5,2306
南　　昌,100.1,102.9,102.1,2306
赣　　州,99.6,98.1,99.0,2306
济　　南,100.2,103.7,103.0,2306
烟　　台,100.1,100.2,99.4,2306
青　　岛,100.1,101.9,102.0,2306
济　　宁,100.1,96.8,96.5,2306
郑　　州,99.7,100.0,99.1,2306
洛　　阳,99.8,98.6,97.0,2306
武　　汉,100.0,99.6,97.2,2306
平 顶 山,99.7,98.8,98.2,2306
长　　沙,100.2,103.6,103.5,2306
宜　　昌,99.8,96.7,95.9,2306
广　　州,99.9,99.2,99.6,2306
襄　　阳,100.4,99.5,97.7,2306
深　　圳,99.7,97.6,98.5,2306
岳　　阳,99.8,97.0,94.4,2306
南　　宁,99.7,97.8,97.5,2306
常　　德,99.6,97.0,96.0,2306
海　　口,100.4,102.3,101.6,2306
韶　　关,99.7,100.3,98.8,2306
重　　庆,99.8,100.6,100.4,2306
湛　　江,100.2,100.1,96.5,2306
成　　都,100.2,107.2,108.3,2306
惠　　州,98.9,97.3,97.7,2306
贵　　阳,99.8,98.5,98.2,2306
桂　　林,99.5,97.4,97.0,2306
昆　　明,99.5,98.9,98.3,2306
北　　海,100.2,98.3,94.7,2306
西　　安,100.3,101.7,101.6,2306
三　　亚,100.3,102.4,100.6,2306
兰　　州,100.2,98.8,96.6,2306
泸　　州,99.5,99.3,97.6,2306
西　　宁,100.1,100.2,99.1,2306
南　　充,99.9,101.1,99.9,2306
银　　川,100.4,102.8,102.0,2306
遵　　义,99.9,100.7,100.5,2306
乌鲁木齐,99.6,100.3,101.0,2306
大　　理,99.2,97.0,96.6,2306
北　　京,100.0,101.7,103.5,2312
唐　　山,99.3,98.3,98.4,2312
天　　津,99.6,102.3,99.9,2312
秦 皇 岛,99.8,97.1,95.9,2312
石 家 庄,100.3,101.0,99.2,2312
包　　头,99.6,97.1,97.1,2312
太　　原,100.4,101.2,98.5,2312
丹　　东,99.7,97.8,97.3,2312
呼和浩特,99.7,100.0,98.8,2312
锦　　州,99.2,99.1,98.1,2312
沈　　阳,99.8,98.7,97.0,2312
吉　　林,99.3,99.4,97.6,2312
大　　连,99.4,95.9,95.6,2312
牡 丹 江,99.7,96.5,96.6,2312
长　　春,100.1,97.9,95.9,2312
无　　锡,99.6,97.6,98.7,2312
哈 尔 滨,99.3,98.4,96.8,2312
徐　　州,99.0,97.9,99.8,2312
上　　海,100.2,104.5,104.4,2312
扬　　州,99.4,97.3,99.5,2312
南　　京,98.8,96.9,99.8,2312
温　　州,99.3,97.0,95.4,2312
杭　　州,99.8,102.2,104.2,2312
金　　华,99.4,96.0,96.8,2312
宁　　波,99.7,101.2,102.8,2312
蚌　　埠,99.5,99.6,99.2,2312
合　　肥,99.8,100.7,102.6,2312
安　　庆,99.2,98.4,98.7,2312
福　　州,99.4,98.2,98.6,2312
泉　　州,99.8,98.2,97.2,2312
厦　　门,98.9,96.7,97.4,2312
九　　江,99.6,98.2,99.4,2312
南　　昌,99.3,98.9,101.2,2312
赣　　州,99.9,96.8,98.0,2312
济　　南,99.6,101.8,102.8,2312
烟　　台,99.4,99.0,99.7,2312
青　　岛,99.2,99.8,101.6,2312
济　　宁,99.2,97.7,97.1,2312
郑　　州,99.5,98.4,98.9,2312
洛　　阳,99.7,98.2,97.5,2312
武　　汉,98.9,100.3,99.0,2312
平 顶 山,99.6,97.6,98.1,2312
长　　沙,99.9,102.4,103.4,2312
宜　　昌,99.9,97.5,96.4,2312
广　　州,99.0,97.0,98.8,2312
襄　　阳,99.4,98.6,98.3,2312
深　　圳,99.1,96.4,97.7,2312
岳　　阳,99.5,97.8,95.8,2312
南　　宁,100.3,98.7,97.9,2312
常　　德,99.4,97.8,97.0,2312
海　　口,99.4,102.1,102.0,2312
韶　　关,99.4,97.9,98.7,2312
重　　庆,99.4,102.2,101.1,2312
湛　　江,99.0,100.2,98.5,2312
成　　都,100.1,104.9,107.0,2312
惠　　州,99.6,95.3,96.8,2312
贵　　阳,99.9,99.2,98.4,2312
桂　　林,99.6,97.9,97.2,2312
昆　　明,99.5,99.4,98.7,2312
北　　海,99.4,101.4,97.9,2312
西　　安,100.5,104.5,102.3,2312
三　　亚,99.7,103.1,101.8,2312
兰　　州,99.4,99.3,98.1,2312
泸　　州,99.4,97.8,98.0,2312
西　　宁,99.0,97.8,99.0,2312
南　　充,99.8,99.0,100.0,2312
银　　川,99.1,100.5,101.6,2312
遵　　义,99.6,100.0,100.5,2312
乌鲁木齐,99.5,100.2,100.7,2312
大　　理,99.9,97.6,97.1,2312
北　　京,100.1,95.0,94.5,2504
唐　　山,99.6,92.7,92.5,2504
天　　津,100.4,98.1,97.8,2504
秦 皇 岛,99.7,93.3,92.9,2504
石 家 庄,99.8,96.3,96.2,2504
包　　头,99.6,93.6,93.5,2504
太　　原,100.3,101.1,101.1,2504
丹　　东,99.9,94.3,93.9,2504
呼和浩特,99.8,94.0,94.0,2504
锦　　州,99.5,95.4,95.3,2504
沈　　阳,99.6,97.2,97.0,2504
吉　　林,99.7,94.6,94.3,2504
大　　连,100.5,95.9,95.0,2504
牡 丹 江,99.8,93.3,93.0,2504
长　　春,99.8,96.2,96.0,2504
无　　锡,99.7,96.0,95.9,2504
哈 尔 滨,99.7,94.8,94.4,2504
徐　　州,99.6,94.3,94.1,2504
上　　海,100.5,105.9,105.7,2504
扬　　州,99.9,94.1,93.8,2504
南　　京,99.6,98.3,97.0,2504
温　　州,99.8,91.6,90.8,2504
杭　　州,100.4,100.1,99.1,2504
金　　华,99.9,92.2,91.0,2504
宁　　波,100.0,96.0,94.1,2504
蚌　　埠,99.5,94.2,93.9,2504
合　　肥,100.3,96.1,95.0,2504
安　　庆,99.6,94.9,94.2,2504
福　　州,100.2,93.8,93.0,2504
泉　　州,100.3,93.4,92.5,2504
厦　　门,100.1,94.9,93.3,2504
九　　江,99.6,93.6,93.1,2504
南　　昌,99.6,95.5,95.1,2504
赣　　州,99.8,95.3,95.0,2504
济　　南,100.0,95.0,94.5,2504
烟　　台,100.1,95.0,94.2,2504
青　　岛,100.1,96.5,95.6,2504
济　　宁,99.7,95.2,95.0,2504
郑　　州,100.1,96.2,95.2,2504
洛　　阳,99.9,94.4,94.2,2504
武　　汉,99.8,95.0,93.9,2504
平 顶 山,100.1,98.7,98.8,2504
长　　沙,100.2,95.0,94.1,2504
宜　　昌,100.0,97.1,95.9,2504
广　　州,99.8,93.7,92.6,2504
襄　　阳,99.9,95.1,94.3,2504
深　　圳,99.9,97.0,95.9,2504
岳　　阳,99.5,93.8,93.7,2504
南　　宁,100.1,95.5,94.2,2504
常　　德,99.8,93.3,92.7,2504
海　　口,99.8,96.3,96.1,2504
韶　　关,99.7,94.6,94.4,2504
重　　庆,100.3,96.0,95.0,2504
湛　　江,99.8,95.5,94.3,2504
成　　都,100.3,98.3,97.4,2504
惠　　州,100.1,95.1,94.2,2504
贵　　阳,99.7,95.4,95.4,2504
桂　　林,99.8,96.8,96.5,2504
昆　　明,99.6,92.3,92.0,2504
北　　海,99.6,93.6,94.0,2504
西　　安,99.7,97.3,98.1,2504
三　　亚,100.2,97.5,96.9,2504
兰　　州,99.6,92.5,92.5,2504
泸　　州,99.6,93.3,92.8,2504
西　　宁,99.7,94.6,94.5,2504
南　　充,99.8,96.9,97.0,2504
银　　川,99.4,95.9,95.8,2504
遵　　义,100.2,96.4,96.5,2504
乌鲁木齐,100.3,97.9,97.2,2504
大　　理,99.4,93.1,93.4,2504
北　　京,99.9,98.0,95.8,2510
唐　　山,99.3,94.2,93.1,2510
天　　津,99.3,98.5,98.1,2510
秦 皇 岛,99.8,95.3,93.9,2510
石 家 庄,99.5,96.3,96.5,2510
包　　头,99.3,94.1,93.9,2510
太　　原,99.6,100.0,100.9,2510
丹　　东,99.9,96.4,94.9,2510
呼和浩特,99.9,95.4,94.3,2510
锦　　州,99.6,97.1,95.9,2510
沈　　阳,100.2,100.0,98.4,2510
吉　　林,99.7,96.3,95.1,2510
大　　连,99.9,98.1,96.3,2510
牡 丹 江,99.7,97.4,94.7,2510
长　　春,99.7,97.1,96.2,2510
无　　锡,99.4,96.2,96.0,2510
哈 尔 滨,99.7,97.6,95.7,2510
徐　　州,99.1,95.4,94.8,2510
上　　海,100.3,105.7,105.8,2510
扬　　州,99.4,94.6,94.0,2510
南　　京,99.3,98.0,98.1,2510
温　　州,99.3,96.2,92.9,2510
杭　　州,100.1,104.0,101.2,2510
金　　华,99.2,97.1,93.5,2510
宁　　波,99.6,99.9,97.0,2510
蚌　　埠,99.6,96.3,94.7,2510
合　　肥,100.1,100.4,97.1,2510
安　　庆,99.7,96.3,95.1,2510
福　　州,99.4,98.1,94.9,2510
泉　　州,99.6,97.5,94.6,2510
厦　　门,99.6,98.6,96.1,2510
九　　江,99.1,95.9,95.1,2510
南　　昌,99.6,95.9,95.2,2510
赣　　州,99.8,98.0,96.5,2510
济　　南,99.3,97.6,95.6,2510
烟　　台,99.6,96.0,95.1,2510
青　　岛,99.6,98.9,97.2,2510
济　　宁,99.7,96.7,95.8,2510
郑　　州,99.2,96.8,96.0,2510
洛　　阳,99.6,97.1,95.2,2510
武　　汉,99.4,97.9,95.6,2510
平 顶 山,99.9,99.5,99.1,2510
长　　沙,99.4,98.7,96.1,2510
宜　　昌,99.8,100.5,97.8,2510
广　　州,99.2,95.8,94.2,2510
襄　　阳,99.2,95.9,95.1,2510
深　　圳,99.3,97.4,97.0,2510
岳　　阳,99.4,95.6,94.4,2510
南　　宁,99.4,100.6,97.0,2510
常　　德,99.3,96.6,94.5,2510
海　　口,99.7,95.6,95.7,2510
韶　　关,100.2,97.3,95.4,2510
重　　庆,99.4,97.4,96.4,2510
湛　　江,99.0,98.1,96.2,2510
成　　都,99.0,100.7,99.1,2510
惠　　州,99.1,97.2,95.5,2510
贵　　阳,99.4,96.7,95.8,2510
桂　　林,99.5,96.6,96.7,2510
昆　　明,99.1,95.2,93.2,2510
北　　海,99.6,94.6,93.9,2510
西　　安,99.2,94.8,96.6,2510
三　　亚,99.5,99.9,98.2,2510
兰　　州,99.8,96.6,94.0,2510
泸　　州,99.4,95.2,93.7,2510
西　　宁,99.4,96.4,95.3,2510
南　　充,99.8,97.9,97.3,2510
银　　川,99.6,96.5,96.4,2510
遵　　义,99.4,97.2,96.8,2510
乌鲁木齐,100.2,100.9,98.9,2510
大　　理,99.6,95.8,94.3,2510
北　　京,100.2,104.7,105.0,2302
唐　　山,100.4,97.8,97.6,2302
天　　津,100.9,97.8,97.4,2302
秦 皇 岛,99.8,94.4,94.4,2302
石 家 庄,100.2,97.8,97.7,2302
包　　头,100.5,96.2,95.9,2302
太　　原,100.5,96.5,96.1,2302
丹　　东,99.7,96.0,96.0,2302
呼和浩特,100.6,97.4,97.1,2302
锦　　州,99.8,96.5,96.4,2302
沈　　阳,99.9,95.4,95.2,2302
吉　　林,100.3,95.5,95.5,2302
大　　连,99.7,95.3,95.2,2302
牡 丹 江,99.8,97.4,97.2,2302
长　　春,99.7,95.0,95.0,2302
无　　锡,100.3,98.8,99.0,2302
哈 尔 滨,100.1,94.0,93.5,2302
徐　　州,100.6,99.1,98.8,2302
上　　海,100.2,103.9,104.1,2302
扬　　州,100.4,98.4,98.0,2302
南　　京,100.3,99.7,100.0,2302
温　　州,100.3,93.1,92.6,2302
杭　　州,100.2,106.2,106.4,2302
金　　华,100.4,97.9,97.7,2302
宁　　波,100.9,102.2,102.0,2302
蚌　　埠,100.3,97.8,97.7,2302
合　　肥,100.3,103.3,102.8,2302
安　　庆,100.4,96.6,96.1,2302
福　　州,100.3,97.6,97.6,2302
泉　　州,99.6,95.5,95.9,2302
厦　　门,100.1,96.7,96.4,2302
九　　江,100.1,98.8,98.5,2302
南　　昌,100.3,101.7,101.7,2302
赣　　州,99.9,99.3,99.5,2302
济　　南,100.9,102.4,102.0,2302
烟　　台,100.5,98.6,98.4,2302
青　　岛,100.5,102.1,101.8,2302
济　　宁,99.9,96.1,95.9,2302
郑　　州,100.6,97.8,97.4,2302
洛　　阳,100.3,95.6,95.3,2302
武　　汉,100.6,95.3,94.8,2302
平 顶 山,99.9,97.6,97.3,2302
长　　沙,100.0,103.3,103.4,2302
宜　　昌,100.6,95.8,95.3,2302
广　　州,100.3,99.4,99.6,2302
襄　　阳,100.2,96.6,96.3,2302
深　　圳,100.2,98.9,99.0,2302
岳　　阳,100.1,92.7,92.3,2302
南　　宁,100.5,96.9,96.5,2302
常　　德,100.2,95.3,94.8,2302
海　　口,100.4,101.5,101.2,2302
韶　　关,100.2,97.9,97.6,2302
重　　庆,100.7,99.6,99.5,2302
湛　　江,101.4,93.9,93.5,2302
成　　都,100.7,108.6,108.6,2302
惠　　州,100.3,96.9,97.0,2302
贵　　阳,99.7,98.0,97.9,2302
桂　　林,100.7,96.4,95.9,2302
昆　　明,100.9,97.3,97.1,2302
北　　海,100.6,92.7,91.4,2302
西　　安,100.0,101.2,101.7,2302
三　　亚,100.5,99.4,99.1,2302
兰　　州,100.5,95.2,94.8,2302
泸　　州,100.1,96.2,95.9,2302
西　　宁,100.3,98.4,97.8,2302
南　　充,99.8,98.9,98.6,2302
银　　川,100.5,101.4,101.2,2302
遵　　义,100.8,100.0,99.8,2302
乌鲁木齐,100.4,101.5,101.7,2302
大　　理,100.3,96.1,95.7,2302
北　　京,100.2,99.3,135.1,1804
唐　　山,100.7,104.9,111.1,1804
天　　津,100.1,100.6,129.4,1804
秦 皇 岛,100.7,107.3,116.4,1804
石 家 庄,100.3,102.7,125.2,1804
包　　头,100.6,107.1,107.0,1804
太　　原,101.4,107.7,114.8,1804
丹　　东,102.0,106.1,104.0,1804
呼和浩特,101.0,108.1,109.6,1804
锦　　州,100.7,104.4,100.4,1804
沈　　阳,100.8,110.3,117.8,1804
吉　　林,100.6,106.7,110.3,1804
大　　连,101.1,110.9,115.4,1804
牡 丹 江,100.8,106.4,106.2,1804
长　　春,100.9,109.3,115.5,1804
无　　锡,99.8,98.0,132.4,1804
哈 尔 滨,101.3,112.0,117.2,1804
扬　　州,100.9,106.8,123.4,1804
上　　海,99.9,99.8,145.1,1804
徐　　州,100.8,109.5,123.8,1804
南　　京,99.8,98.4,145.1,1804
温　　州,99.9,105.0,114.0,1804
杭　　州,100.1,99.7,133.4,1804
金　　华,101.3,107.8,120.8,1804
宁　　波,101.1,105.6,123.4,1804
蚌　　埠,100.0,104.7,116.7,1804
合　　肥,99.8,99.4,147.7,1804
安　　庆,99.7,102.5,113.3,1804
福　　州,99.9,98.3,127.4,1804
泉　　州,100.0,100.0,110.7,1804
厦　　门,100.3,100.4,151.3,1804
九　　江,100.2,105.5,122.1,1804
南　　昌,100.3,104.2,124.7,1804
赣　　州,100.2,101.5,116.8,1804
济　　南,100.1,100.6,122.4,1804
烟　　台,101.2,109.1,117.1,1804
青　　岛,100.1,103.1,118.5,1804
济　　宁,100.6,108.1,111.0,1804
郑　　州,100.5,99.6,130.3,1804
洛　　阳,100.7,108.0,115.5,1804
武　　汉,99.8,100.5,129.8,1804
平 顶 山,101.2,107.1,113.5,1804
长　　沙,100.2,103.8,127.3,1804
宜　　昌,100.3,106.6,116.9,1804
广　　州,99.9,99.2,136.8,1804
襄　　阳,100.6,106.2,109.5,1804
深　　圳,100.1,97.8,144.8,1804
岳　　阳,100.2,108.1,115.2,1804
南　　宁,100.2,106.6,124.4,1804
常　　德,100.5,107.3,111.8,1804
海　　口,101.9,107.2,118.0,1804
惠　　州,100.1,102.7,131.5,1804
重　　庆,101.1,107.4,121.1,1804
湛　　江,100.2,107.4,117.3,1804
成　　都,100.3,101.1,106.8,1804
韶　　关,100.4,104.8,117.5,1804
贵　　阳,101.3,110.1,119.7,1804
桂　　林,100.7,107.8,113.5,1804
昆　　明,100.7,110.4,117.4,1804
北　　海,100.8,111.1,119.6,1804
西　　安,101.6,111.2,125.7,1804
三　　亚,101.9,105.4,114.9,1804
兰　　州,100.5,105.7,111.0,1804
泸　　州,100.4,106.7,111.5,1804
西　　宁,99.8,105.5,107.7,1804
南　　充,101.0,110.1,113.9,1804
银　　川,100.6,106.2,107.3,1804
遵　　义,100.8,109.4,112.2,1804
乌鲁木齐,101.1,110.1,108.6,1804
大　　理,101.2,108.7,112.1,1804
北　　京,100.2,100.8,135.9,1810
唐　　山,101.2,112.9,121.1,1810
天　　津,100.1,101.9,131.1,1810
秦 皇 岛,102.1,115.0,127.9,1810
石 家 庄,103.3,110.7,136.8,1810
包　　头,101.4,113.1,115.8,1810
太　　原,100.5,109.8,121.7,1810
丹　　东,100.4,116.2,115.7,1810
呼和浩特,101.6,117.6,123.8,1810
锦　　州,101.4,108.7,105.7,1810
沈　　阳,101.5,112.7,128.0,1810
吉　　林,101.5,111.0,119.6,1810
大　　连,100.7,113.8,123.4,1810
牡 丹 江,101.7,112.2,115.0,1810
长　　春,100.9,110.6,122.3,1810
无　　锡,100.4,104.4,139.8,1810
哈 尔 滨,102.0,114.3,128.1,1810
扬　　州,101.2,111.2,133.2,1810
上　　海,100.1,99.6,144.8,1810
徐　　州,101.9,115.5,137.4,1810
南　　京,100.2,99.0,145.3,1810
温　　州,99.9,103.0,115.9,1810
杭　　州,101.2,103.7,138.0,1810
金　　华,100.1,106.0,124.6,1810
宁　　波,100.0,106.9,128.3,1810
蚌　　埠,100.6,105.5,124.1,1810
合　　肥,100.6,103.5,153.6,1810
安　　庆,102.2,108.5,121.7,1810
福　　州,101.0,106.1,136.0,1810
泉　　州,100.2,101.5,112.2,1810
厦　　门,99.9,100.6,152.6,1810
九　　江,100.6,107.3,128.7,1810
南　　昌,100.4,108.0,133.2,1810
赣　　州,100.6,105.6,123.0,1810
济　　南,100.7,113.3,137.6,1810
烟　　台,101.2,112.3,126.3,1810
青　　岛,100.6,110.7,129.5,1810
济　　宁,101.9,110.1,119.7,1810
郑　　州,101.0,108.4,140.7,1810
洛　　阳,101.4,108.0,122.0,1810
武　　汉,102.5,107.9,139.9,1810
平 顶 山,100.3,107.5,117.8,1810
长　　沙,100.1,110.6,139.1,1810
宜　　昌,100.3,112.1,126.3,1810
广　　州,100.2,104.7,145.0,1810
襄　　阳,102.5,111.6,119.7,1810
深　　圳,99.5,99.6,145.7,1810
岳　　阳,100.7,109.6,123.2,1810
南　　宁,100.3,107.6,131.4,1810
常　　德,102.1,109.2,120.4,1810
海　　口,100.6,122.4,135.3,1810
惠　　州,100.6,103.9,135.3,1810
重　　庆,100.8,110.6,129.6,1810
湛　　江,101.5,108.5,124.1,1810
成　　都,101.7,110.0,134.7,1810
韶　　关,100.4,105.4,122.1,1810
贵　　阳,104.2,118.3,134.2,1810
桂　　林,100.7,107.0,118.2,1810
昆　　明,101.4,119.2,130.5,1810
北　　海,101.2,110.0,129.4,1810
西　　安,101.3,120.7,144.8,1810
三　　亚,99.9,118.1,144.5,1810
兰　　州,101.7,110.4,118.7,1810
泸　　州,101.6,114.1,121.4,1810
西　　宁,101.0,111.6,116.4,1810
南　　充,101.6,115.1,125.0,1810
银　　川,100.2,109.7,113.3,1810
遵　　义,101.9,112.7,120.4,1810
乌鲁木齐,100.3,111.6,113.6,1810
大　　理,102.1,116.0,122.7,1810
北　　京,100.5,102.9,101.8,2101
唐　　山,100.0,109.8,104.0,2101
天　　津,100.3,101.5,100.9,2101
秦 皇 岛,99.7,103.1,101.1,2101
石 家 庄,100.0,102.9,101.4,2101
包　　头,100.2,102.6,101.6,2101
太　　原,99.6,99.2,98.8,2101
丹　　东,100.1,106.2,103.4,2101
呼和浩特,100.1,104.7,102.5,2101
锦　　州,100.5,106.4,103.2,2101
沈　　阳,100.8,105.8,102.3,2101
吉　　林,99.8,103.0,100.7,2101
大　　连,100.1,104.7,102.1,2101
牡 丹 江,99.9,98.0,98.6,2101
长　　春,100.4,102.7,101.0,2101
无　　锡,100.0,105.6,102.1,2101
哈 尔 滨,99.5,99.9,99.0,2101
徐　　州,100.7,110.0,104.5,2101
上　　海,100.6,104.4,102.4,2101
扬　　州,100.9,107.0,104.2,2101
南　　京,100.2,105.0,102.0,2101
温　　州,100.4,104.3,102.2,2101
杭　　州,100.1,104.2,101.0,2101
金　　华,101.2,105.9,103.5,2101
宁　　波,100.5,104.3,102.0,2101
蚌　　埠,100.7,105.6,103.0,2101
合　　肥,100.9,104.3,103.5,2101
安　　庆,100.2,98.6,100.3,2101
福　　州,100.6,105.4,103.0,2101
泉　　州,100.8,106.0,103.6,2101
厦　　门,100.3,104.7,102.9,2101
九　　江,100.3,103.2,101.3,2101
南　　昌,100.3,100.8,100.4,2101
赣　　州,100.6,104.8,102.7,2101
济　　南,100.2,99.6,99.8,2101
烟　　台,99.8,105.0,102.2,2101
青　　岛,100.2,102.9,101.7,2101
济　　宁,100.7,108.8,105.2,2101
郑　　州,100.2,99.4,99.7,2101
洛　　阳,100.3,102.3,101.3,2101
武　　汉,100.7,104.6,102.9,2101
平 顶 山,100.2,103.3,102.0,2101
长　　沙,100.6,104.9,102.4,2101
宜　　昌,99.9,102.9,101.6,2101
广　　州,101.0,105.9,104.5,2101
襄　　阳,100.3,103.6,102.4,2101
深　　圳,100.3,103.7,101.7,2101
岳　　阳,99.7,101.0,100.1,2101
南　　宁,100.3,105.0,102.5,2101
常　　德,99.9,98.5,98.7,2101
海　　口,100.3,103.2,102.0,2101
韶　　关,100.1,100.0,100.4,2101
重　　庆,100.5,104.9,102.5,2101
湛　　江,100.2,101.1,101.3,2101
成　　都,100.8,106.9,102.9,2101
惠　　州,100.3,107.1,103.6,2101
贵　　阳,100.2,103.4,102.2,2101
桂　　林,99.9,100.3,100.3,2101
昆　　明,100.4,105.6,103.0,2101
北　　海,99.7,96.3,97.4,2101
西　　安,100.4,106.5,103.5,2101
三　　亚,100.3,104.6,103.4,2101
兰　　州,100.8,104.9,103.3,2101
泸　　州,99.4,99.4,99.5,2101
西　　宁,100.7,109.0,104.4,2101
南　　充,99.7,99.4,98.8,2101
银　　川,100.6,113.9,106.7,2101
遵　　义,100.4,100.4,100.5,2101
乌鲁木齐,100.5,103.4,101.6,2101
大　　理,99.6,100.4,100.0,2101
北　　京,100.6,101.4,136.7,1811
唐　　山,101.3,113.8,122.7,1811
天　　津,99.7,101.9,130.7,1811
秦 皇 岛,101.5,115.7,129.8,1811
石 家 庄,101.4,112.0,138.7,1811
包　　头,100.4,112.5,116.3,1811
太　　原,101.3,110.8,123.3,1811
丹　　东,101.0,116.3,116.9,1811
呼和浩特,102.9,119.6,127.4,1811
锦　　州,101.7,110.2,107.4,1811
沈　　阳,100.7,112.6,128.9,1811
吉　　林,101.4,112.1,121.3,1811
大　　连,101.4,114.3,125.2,1811
牡 丹 江,100.4,111.9,115.5,1811
长　　春,101.9,111.9,124.6,1811
无　　锡,100.9,105.6,141.0,1811
哈 尔 滨,100.9,114.9,129.3,1811
扬　　州,101.7,113.3,135.5,1811
上　　海,100.5,100.1,145.6,1811
徐　　州,101.6,116.6,139.6,1811
南　　京,101.5,100.8,147.5,1811
温　　州,99.7,102.2,115.5,1811
杭　　州,100.7,104.4,138.9,1811
金　　华,99.7,105.3,124.3,1811
宁　　波,100.0,106.7,128.4,1811
蚌　　埠,101.2,106.8,125.6,1811
合　　肥,100.4,103.8,154.2,1811
安　　庆,100.5,109.1,122.3,1811
福　　州,102.0,108.0,138.7,1811
泉　　州,100.3,102.2,112.5,1811
厦　　门,99.5,99.9,151.9,1811
九　　江,101.5,108.9,130.6,1811
南　　昌,101.3,108.8,134.9,1811
赣　　州,100.6,106.3,123.8,1811
济　　南,101.7,115.4,139.9,1811
烟　　台,100.8,112.3,127.3,1811
青　　岛,101.8,112.2,131.9,1811
济　　宁,101.7,111.8,121.7,1811
郑　　州,100.8,109.4,141.9,1811
洛　　阳,102.3,110.1,124.8,1811
武　　汉,101.6,109.7,142.1,1811
平 顶 山,100.9,107.8,118.9,1811
长　　沙,100.3,110.9,139.4,1811
宜　　昌,100.6,112.1,127.0,1811
广　　州,100.0,104.9,145.0,1811
襄　　阳,101.1,112.5,121.1,1811
深　　圳,99.8,99.6,145.3,1811
岳　　阳,100.3,109.5,123.6,1811
南　　宁,100.5,107.6,132.0,1811
常　　德,101.1,110.2,121.7,1811
海　　口,100.3,123.0,135.7,1811
惠　　州,100.3,103.8,135.6,1811
重　　庆,101.1,111.1,131.0,1811
湛　　江,100.4,107.3,124.6,1811
成　　都,101.8,111.8,137.1,1811
韶　　关,100.6,106.0,122.9,1811
贵　　阳,101.9,119.6,136.8,1811
桂　　林,102.3,108.1,120.9,1811
昆　　明,100.7,118.6,131.4,1811
北　　海,101.1,110.9,130.8,1811
西　　安,101.4,121.8,146.9,1811
三　　亚,100.4,116.4,145.1,1811
兰　　州,100.9,110.7,119.7,1811
泸　　州,100.5,113.7,122.0,1811
西　　宁,101.3,111.6,117.9,1811
南　　充,100.3,114.6,125.3,1811
银　　川,100.3,108.9,113.7,1811
遵　　义,101.7,114.1,122.5,1811
乌鲁木齐,100.9,110.5,114.6,1811
大　　理,102.8,118.5,126.1,1811
北　　京,100.2,99.5,135.3,1805
唐　　山,100.3,104.8,111.4,1805
天　　津,100.5,100.9,130.0,1805
秦 皇 岛,100.6,107.0,117.1,1805
石 家 庄,101.2,104.0,126.7,1805
包　　头,100.8,107.4,107.9,1805
太　　原,100.7,107.5,115.6,1805
丹　　东,105.3,111.7,109.6,1805
呼和浩特,101.6,109.3,111.3,1805
锦　　州,100.3,104.6,100.7,1805
沈　　阳,101.7,110.0,119.8,1805
吉　　林,100.4,106.1,110.7,1805
大　　连,101.7,111.6,117.3,1805
牡 丹 江,100.0,105.8,106.2,1805
长　　春,101.3,109.5,117.0,1805
无　　锡,99.9,97.7,132.2,1805
哈 尔 滨,101.2,111.1,118.6,1805
扬　　州,100.6,105.9,124.1,1805
上　　海,99.8,99.6,144.8,1805
徐　　州,101.3,109.1,125.4,1805
南　　京,99.8,98.4,144.9,1805
温　　州,100.1,103.6,114.2,1805
杭　　州,100.0,99.9,133.4,1805
金　　华,100.6,107.0,121.5,1805
宁　　波,100.5,104.8,124.0,1805
蚌　　埠,100.2,101.5,116.9,1805
合　　肥,100.2,99.7,147.9,1805
安　　庆,99.9,102.2,113.2,1805
福　　州,98.9,97.2,125.9,1805
泉　　州,99.9,100.1,110.6,1805
厦　　门,101.1,101.2,152.9,1805
九　　江,100.8,104.6,123.1,1805
南　　昌,100.7,103.9,125.5,1805
赣　　州,100.4,101.8,117.3,1805
济　　南,100.4,100.5,122.9,1805
烟　　台,100.8,108.6,118.0,1805
青　　岛,102.0,104.8,120.9,1805
济　　宁,100.8,107.1,111.8,1805
郑　　州,101.6,101.4,132.5,1805
洛　　阳,100.4,107.0,116.0,1805
武　　汉,101.1,101.5,131.2,1805
平 顶 山,100.8,107.4,114.5,1805
长　　沙,101.6,104.5,129.4,1805
宜　　昌,100.8,105.7,117.8,1805
广　　州,101.8,100.1,139.3,1805
襄　　阳,100.1,105.4,109.6,1805
深　　圳,99.9,98.3,144.7,1805
岳　　阳,101.0,108.0,116.4,1805
南　　宁,100.3,105.7,124.8,1805
常　　德,100.7,106.5,112.6,1805
海　　口,102.1,110.1,120.5,1805
惠　　州,100.3,102.2,131.9,1805
重　　庆,100.9,107.5,122.2,1805
湛　　江,100.1,104.8,117.4,1805
成　　都,102.1,103.4,109.1,1805
韶　　关,100.5,104.1,118.1,1805
贵　　阳,100.6,109.7,120.4,1805
桂　　林,100.6,107.5,114.2,1805
昆　　明,100.9,110.8,118.5,1805
北　　海,101.1,108.9,120.9,1805
西　　安,101.6,111.0,127.7,1805
三　　亚,102.4,108.2,117.7,1805
兰　　州,100.7,105.7,111.8,1805
泸　　州,100.7,107.2,112.3,1805
西　　宁,100.1,105.1,107.8,1805
南　　充,101.4,110.8,115.5,1805
银　　川,100.4,106.2,107.8,1805
遵　　义,100.7,110.0,113.0,1805
乌鲁木齐,101.2,110.8,110.0,1805
大　　理,100.8,109.3,113.1,1805
北　　京,100.3,104.6,104.8,2303
唐　　山,100.3,98.1,97.7,2303
天　　津,100.8,98.4,97.7,2303
秦 皇 岛,100.2,95.4,94.7,2303
石 家 庄,100.7,98.2,97.8,2303
包　　头,99.9,96.7,96.1,2303
太　　原,100.1,96.8,96.3,2303
丹　　东,99.5,96.3,96.1,2303
呼和浩特,100.5,98.0,97.4,2303
锦　　州,100.2,96.3,96.3,2303
沈　　阳,100.5,96.2,95.5,2303
吉　　林,100.7,96.2,95.7,2303
大　　连,99.6,95.6,95.3,2303
牡 丹 江,99.3,97.0,97.1,2303
长　　春,100.3,95.2,95.1,2303
无　　锡,100.3,98.9,98.9,2303
哈 尔 滨,100.4,95.1,94.1,2303
徐　　州,101.0,100.3,99.3,2303
上　　海,100.4,104.1,104.1,2303
扬　　州,100.6,99.3,98.5,2303
南　　京,100.5,100.1,100.0,2303
温　　州,100.1,93.8,93.0,2303
杭　　州,100.2,105.8,106.2,2303
金　　华,100.2,97.7,97.7,2303
宁　　波,100.6,102.6,102.2,2303
蚌　　埠,100.3,97.9,97.8,2303
合　　肥,100.3,104.0,103.2,2303
安　　庆,100.6,97.7,96.7,2303
福　　州,100.4,98.6,97.9,2303
泉　　州,99.4,95.4,95.7,2303
厦　　门,100.5,97.4,96.8,2303
九　　江,100.4,99.3,98.8,2303
南　　昌,100.6,101.9,101.8,2303
赣　　州,100.0,99.1,99.3,2303
济　　南,100.7,102.8,102.3,2303
烟　　台,100.5,99.3,98.7,2303
青　　岛,100.5,102.1,101.9,2303
济　　宁,100.4,96.9,96.2,2303
郑　　州,100.9,99.4,98.0,2303
洛　　阳,100.5,96.5,95.7,2303
武　　汉,101.3,96.9,95.5,2303
平 顶 山,100.4,98.3,97.6,2303
长　　沙,100.6,103.5,103.4,2303
宜　　昌,100.2,96.2,95.6,2303
广　　州,100.2,99.8,99.6,2303
襄　　阳,100.4,96.8,96.5,2303
深　　圳,100.4,98.5,98.8,2303
岳　　阳,100.5,93.9,92.8,2303
南　　宁,100.9,98.0,97.0,2303
常　　德,100.5,95.6,95.1,2303
海　　口,100.5,101.5,101.3,2303
韶　　关,100.6,97.9,97.7,2303
重　　庆,100.9,100.0,99.7,2303
湛　　江,100.8,95.5,94.1,2303
成　　都,100.7,108.5,108.6,2303
惠　　州,100.2,97.7,97.2,2303
贵　　阳,100.7,98.4,98.1,2303
桂　　林,100.1,97.0,96.3,2303
昆　　明,101.2,98.8,97.7,2303
北　　海,100.9,94.0,92.3,2303
西　　安,100.4,101.2,101.5,2303
三　　亚,100.7,100.3,99.5,2303
兰　　州,100.6,96.2,95.3,2303
泸　　州,100.5,97.0,96.3,2303
西　　宁,100.2,98.9,98.2,2303
南　　充,100.6,99.4,98.9,2303
银　　川,100.6,101.7,101.3,2303
遵　　义,100.9,100.5,100.0,2303
乌鲁木齐,100.8,101.3,101.6,2303
大　　理,100.6,97.1,96.2,2303
北　　京,99.6,95.7,94.7,2505
唐　　山,99.5,93.0,92.6,2505
天　　津,99.5,98.0,97.8,2505
秦 皇 岛,99.5,93.7,93.1,2505
石 家 庄,99.7,96.7,96.3,2505
包　　头,99.7,93.8,93.6,2505
太　　原,100.0,100.9,101.0,2505
丹　　东,99.8,94.9,94.1,2505
呼和浩特,99.7,94.1,94.0,2505
锦　　州,99.9,95.6,95.3,2505
沈　　阳,100.3,98.0,97.2,2505
吉　　林,100.0,95.9,94.6,2505
大　　连,99.6,96.0,95.2,2505
牡 丹 江,100.1,94.4,93.3,2505
长　　春,99.3,95.7,95.9,2505
无　　锡,99.6,96.2,96.0,2505
哈 尔 滨,99.9,95.2,94.6,2505
徐　　州,99.8,94.8,94.2,2505
上　　海,100.7,105.9,105.7,2505
扬　　州,99.1,94.4,93.9,2505
南　　京,99.8,99.2,97.4,2505
温　　州,99.8,91.9,91.0,2505
杭　　州,100.8,101.6,99.6,2505
金　　华,99.8,93.0,91.3,2505
宁　　波,99.9,97.2,94.7,2505
蚌　　埠,99.6,94.3,93.9,2505
合　　肥,100.2,96.5,95.3,2505
安　　庆,99.5,94.9,94.4,2505
福　　州,99.8,94.4,93.3,2505
泉　　州,99.7,93.8,92.8,2505
厦　　门,100.1,96.0,93.9,2505
九　　江,100.2,95.5,93.5,2505
南　　昌,99.1,95.1,95.1,2505
赣　　州,100.1,96.2,95.2,2505
济　　南,99.7,95.3,94.6,2505
烟　　台,99.9,95.6,94.5,2505
青　　岛,100.0,97.3,95.9,2505
济　　宁,99.6,95.7,95.2,2505
郑　　州,99.5,96.2,95.4,2505
洛　　阳,99.6,94.3,94.2,2505
武　　汉,99.3,95.8,94.3,2505
平 顶 山,99.8,98.9,98.8,2505
长　　沙,100.3,96.2,94.5,2505
宜　　昌,99.9,97.6,96.3,2505
广　　州,99.2,94.2,92.9,2505
襄　　阳,99.6,95.4,94.5,2505
深　　圳,99.6,97.4,96.2,2505
岳　　阳,99.7,93.9,93.7,2505
南　　宁,100.4,97.3,94.8,2505
常　　德,99.8,94.7,93.1,2505
海　　口,99.3,95.7,96.1,2505
韶　　关,99.9,95.3,94.5,2505
重　　庆,99.5,96.8,95.3,2505
湛　　江,99.9,95.9,94.7,2505
成　　都,100.1,99.0,97.7,2505
惠　　州,99.7,95.4,94.4,2505
贵　　阳,99.6,95.6,95.4,2505
桂　　林,99.6,96.9,96.6,2505
昆　　明,99.5,93.2,92.2,2505
北　　海,99.4,93.5,93.9,2505
西　　安,99.6,97.0,97.9,2505
三　　亚,100.1,98.2,97.2,2505
兰　　州,99.9,92.9,92.6,2505
泸　　州,99.5,93.6,93.0,2505
西　　宁,100.0,94.9,94.6,2505
南　　充,99.7,97.0,97.0,2505
银　　川,99.7,96.4,95.9,2505
遵　　义,99.8,96.5,96.5,2505
乌鲁木齐,100.4,98.5,97.5,2505
大　　理,99.6,93.6,93.5,2505
北　　京,100.0,96.4,95.1,2507
唐　　山,99.6,93.5,92.7,2507
天　　津,99.7,98.1,97.9,2507
秦 皇 岛,99.5,94.4,93.4,2507
石 家 庄,99.6,96.9,96.5,2507
包　　头,99.4,94.4,93.8,2507
太　　原,99.8,101.0,101.1,2507
丹　　东,99.8,95.5,94.5,2507
呼和浩特,99.7,94.4,94.1,2507
锦　　州,99.7,96.1,95.5,2507
沈　　阳,99.8,98.9,97.7,2507
吉　　林,99.5,94.8,94.7,2507
大　　连,100.0,97.3,95.7,2507
牡 丹 江,99.9,96.0,93.9,2507
长　　春,100.1,96.1,95.9,2507
无　　锡,99.8,96.0,96.0,2507
哈 尔 滨,99.7,96.4,95.1,2507
徐　　州,100.0,95.7,94.6,2507
上　　海,100.3,106.1,105.8,2507
扬　　州,99.2,94.0,94.0,2507
南　　京,99.5,99.6,98.0,2507
温　　州,99.9,94.3,91.7,2507
杭　　州,99.7,102.1,100.3,2507
金　　华,99.7,94.6,92.1,2507
宁　　波,99.4,99.1,95.9,2507
蚌　　埠,99.7,95.0,94.2,2507
合　　肥,99.9,98.3,96.0,2507
安　　庆,99.8,95.6,94.6,2507
福　　州,99.5,95.2,93.8,2507
泉　　州,99.4,95.5,93.4,2507
厦　　门,99.4,98.2,95.0,2507
九　　江,99.7,97.2,94.5,2507
南　　昌,99.4,94.9,95.1,2507
赣　　州,99.6,97.7,95.8,2507
济　　南,99.7,96.0,95.0,2507
烟　　台,99.7,95.6,94.8,2507
青　　岛,99.6,98.2,96.5,2507
济　　宁,99.8,96.3,95.4,2507
郑　　州,99.4,96.4,95.7,2507
洛　　阳,99.7,95.7,94.5,2507
武　　汉,99.3,96.4,94.9,2507
平 顶 山,99.9,99.2,98.9,2507
长　　沙,99.6,97.3,95.2,2507
宜　　昌,100.2,98.4,96.8,2507
广　　州,99.7,95.4,93.5,2507
襄　　阳,99.3,95.3,94.7,2507
深　　圳,99.4,97.8,96.6,2507
岳　　阳,99.8,94.8,93.9,2507
南　　宁,100.0,98.4,95.7,2507
常　　德,100.1,95.9,93.7,2507
海　　口,99.2,94.9,95.8,2507
韶　　关,99.9,95.8,94.8,2507
重　　庆,99.5,97.9,95.9,2507
湛　　江,99.8,97.9,95.4,2507
成　　都,99.8,100.1,98.3,2507
惠　　州,99.8,96.3,94.9,2507
贵　　阳,99.5,96.2,95.5,2507
桂　　林,99.5,96.7,96.6,2507
昆　　明,99.8,93.1,92.4,2507
北　　海,99.4,93.3,93.7,2507
西　　安,99.7,95.8,97.3,2507
三　　亚,100.2,99.0,97.6,2507
兰　　州,99.3,94.6,93.1,2507
泸　　州,99.6,94.0,93.3,2507
西　　宁,99.7,95.6,94.9,2507
南　　充,99.5,97.5,97.1,2507
银　　川,99.5,96.8,96.2,2507
遵　　义,99.9,97.1,96.6,2507
乌鲁木齐,100.3,100.3,98.1,2507
大　　理,99.8,94.7,93.7,2507
北　　京,100.4,105.2,105.2,2301
唐　　山,100.1,97.4,97.4,2301
天　　津,100.3,97.0,97.0,2301
秦 皇 岛,99.7,94.4,94.4,2301
石 家 庄,100.1,97.6,97.6,2301
包　　头,99.9,95.5,95.5,2301
太　　原,100.2,95.6,95.6,2301
丹　　东,100.1,96.0,96.0,2301
呼和浩特,99.7,96.7,96.7,2301
锦　　州,99.5,96.2,96.2,2301
沈　　阳,99.6,95.0,95.0,2301
吉　　林,99.2,95.4,95.4,2301
大　　连,99.9,95.2,95.2,2301
牡 丹 江,99.8,97.0,97.0,2301
长　　春,99.5,95.0,95.0,2301
无　　锡,99.7,99.1,99.1,2301
哈 尔 滨,99.6,93.0,93.0,2301
徐　　州,100.2,98.4,98.4,2301
上　　海,100.7,104.2,104.2,2301
扬　　州,100.4,97.6,97.6,2301
南　　京,100.0,100.2,100.2,2301
温　　州,99.0,92.1,92.1,2301
杭　　州,100.4,106.5,106.5,2301
金　　华,99.8,97.6,97.6,2301
宁　　波,100.6,101.9,101.9,2301
蚌　　埠,100.4,97.7,97.7,2301
合　　肥,100.7,102.4,102.4,2301
安　　庆,100.2,95.7,95.7,2301
福　　州,100.2,97.5,97.5,2301
泉　　州,99.5,96.3,96.3,2301
厦　　门,99.7,96.1,96.1,2301
九　　江,100.2,98.3,98.3,2301
南　　昌,100.3,101.7,101.7,2301
赣　　州,99.9,99.7,99.7,2301
济　　南,99.8,101.6,101.6,2301
烟　　台,99.9,98.2,98.2,2301
青　　岛,100.4,101.5,101.5,2301
济　　宁,99.8,95.6,95.6,2301
郑　　州,100.2,97.0,97.0,2301
洛　　阳,99.5,95.0,95.0,2301
武　　汉,100.2,94.3,94.3,2301
平 顶 山,99.4,97.0,97.0,2301
长　　沙,100.3,103.4,103.4,2301
宜　　昌,99.5,94.8,94.8,2301
广　　州,99.8,99.7,99.7,2301
襄　　阳,99.7,96.0,96.0,2301
深　　圳,99.8,99.1,99.1,2301
岳　　阳,100.1,91.9,91.9,2301
南　　宁,99.9,96.0,96.0,2301
常　　德,99.5,94.4,94.4,2301
海　　口,99.9,100.9,100.9,2301
韶　　关,100.2,97.4,97.4,2301
重　　庆,100.3,99.4,99.4,2301
湛　　江,100.6,93.0,93.0,2301
成　　都,100.6,108.6,108.6,2301
惠　　州,99.6,97.1,97.1,2301
贵　　阳,99.6,97.9,97.9,2301
桂　　林,100.1,95.5,95.5,2301
昆　　明,100.3,96.9,96.9,2301
北　　海,100.4,90.2,90.2,2301
西　　安,100.2,102.2,102.2,2301
三　　亚,100.3,98.8,98.8,2301
兰　　州,99.9,94.4,94.4,2301
泸　　州,99.4,95.6,95.6,2301
西　　宁,100.5,97.3,97.3,2301
南　　充,100.5,98.2,98.2,2301
银　　川,100.1,100.9,100.9,2301
遵　　义,100.2,99.5,99.5,2301
乌鲁木齐,100.3,101.8,101.8,2301
大　　理,99.4,95.3,95.3,2301
北　　京,100.2,100.2,135.6,1807
唐　　山,101.7,106.7,114.7,1807
天　　津,100.0,101.3,130.4,1807
秦 皇 岛,100.9,108.2,119.6,1807
石 家 庄,102.0,105.7,129.7,1807
包　　头,101.8,109.7,110.9,1807
太　　原,101.2,107.7,117.6,1807
丹　　东,100.5,114.9,113.7,1807
呼和浩特,102.4,111.8,115.2,1807
锦　　州,100.5,105.1,101.7,1807
沈　　阳,101.4,110.3,123.1,1807
吉　　林,101.6,107.6,113.9,1807
大　　连,101.0,113.2,120.7,1807
牡 丹 江,101.4,108.8,109.9,1807
长　　春,100.9,110.3,120.0,1807
无　　锡,101.5,99.2,134.0,1807
哈 尔 滨,102.2,112.6,122.8,1807
扬　　州,102.8,108.0,128.2,1807
上　　海,99.9,99.8,144.7,1807
徐　　州,102.3,109.8,129.1,1807
南　　京,99.9,98.1,144.4,1807
温　　州,100.2,102.3,114.9,1807
杭　　州,100.8,101.1,135.2,1807
金　　华,101.2,106.1,123.3,1807
宁　　波,100.9,104.8,125.5,1807
蚌　　埠,102.1,100.1,119.1,1807
合　　肥,100.6,100.1,149.0,1807
安　　庆,100.5,103.9,115.1,1807
福　　州,101.3,101.0,130.4,1807
泉　　州,99.9,100.0,111.0,1807
厦　　门,100.0,100.5,152.9,1807
九　　江,101.1,104.9,125.2,1807
南　　昌,101.8,106.8,129.7,1807
赣　　州,100.5,102.2,118.7,1807
济　　南,103.0,106.9,131.1,1807
烟　　台,102.9,110.6,122.4,1807
青　　岛,102.0,108.8,126.3,1807
济　　宁,101.4,107.7,114.9,1807
郑　　州,101.3,104.7,136.7,1807
洛　　阳,101.1,105.1,117.4,1807
武　　汉,101.1,103.2,134.2,1807
平 顶 山,100.8,106.4,115.1,1807
长　　沙,102.7,108.5,135.5,1807
宜　　昌,102.9,108.7,122.8,1807
广　　州,100.6,101.6,142.7,1807
襄　　阳,102.3,105.9,112.9,1807
深　　圳,100.5,99.3,145.9,1807
岳　　阳,100.8,107.4,118.2,1807
南　　宁,100.8,106.2,128.3,1807
常　　德,100.1,104.4,113.3,1807
海　　口,102.3,119.0,132.8,1807
惠　　州,100.4,102.6,133.1,1807
重　　庆,101.3,108.2,126.0,1807
湛　　江,101.0,104.7,119.0,1807
成　　都,101.0,106.5,130.1,1807
韶　　关,100.4,103.4,119.3,1807
贵　　阳,101.8,111.3,123.9,1807
桂　　林,100.5,106.4,115.5,1807
昆　　明,102.9,114.7,124.3,1807
北　　海,100.4,106.8,123.0,1807
西　　安,101.2,110.6,130.7,1807
三　　亚,103.7,116.5,126.0,1807
兰　　州,100.7,106.6,114.0,1807
泸　　州,100.5,107.9,114.4,1807
西　　宁,100.4,107.8,111.2,1807
南　　充,100.8,111.0,117.8,1807
银　　川,101.0,107.7,110.3,1807
遵　　义,101.0,110.1,115.1,1807
乌鲁木齐,100.2,111.2,111.2,1807
大　　理,101.6,111.4,116.2,1807
北　　京,100.2,103.6,102.7,2103
唐　　山,100.2,108.3,103.9,2103
天　　津,100.6,103.2,102.0,2103
秦 皇 岛,100.4,103.3,101.3,2103
石 家 庄,100.6,103.0,101.8,2103
包　　头,100.5,102.9,101.8,2103
太　　原,99.9,98.9,98.6,2103
丹　　东,100.1,105.9,104.1,2103
呼和浩特,99.7,104.1,102.0,2103
锦　　州,100.0,106.7,103.8,2103
沈　　阳,100.3,105.1,102.6,2103
吉　　林,100.3,103.2,101.7,2103
大　　连,100.8,105.2,103.2,2103
牡 丹 江,100.0,97.6,98.5,2103
长　　春,99.9,102.1,100.7,2103
无　　锡,100.7,105.8,103.0,2103
哈 尔 滨,100.3,100.3,99.7,2103
徐　　州,100.3,110.1,106.1,2103
上　　海,100.3,105.3,103.3,2103
扬　　州,100.7,108.0,105.6,2103
南　　京,100.8,106.3,103.3,2103
温　　州,100.1,105.5,102.5,2103
杭　　州,100.5,103.5,101.7,2103
金　　华,100.7,107.0,104.7,2103
宁　　波,100.8,105.4,103.3,2103
蚌　　埠,100.3,105.5,103.5,2103
合　　肥,100.7,105.6,104.8,2103
安　　庆,99.7,98.8,99.5,2103
福　　州,101.0,105.7,104.2,2103
泉　　州,100.8,107.4,105.1,2103
厦　　门,100.3,105.5,103.6,2103
九　　江,100.4,104.3,102.6,2103
南　　昌,100.4,101.6,100.9,2103
赣　　州,100.3,105.5,103.7,2103
济　　南,100.5,101.1,100.6,2103
烟　　台,100.5,104.8,103.0,2103
青　　岛,100.5,104.4,102.5,2103
济　　宁,100.8,109.9,106.7,2103
郑　　州,100.8,101.2,101.0,2103
洛　　阳,100.1,102.4,101.4,2103
武　　汉,100.4,105.5,103.7,2103
平 顶 山,100.3,103.8,102.6,2103
长　　沙,100.5,105.9,103.9,2103
宜　　昌,100.5,104.1,102.6,2103
广　　州,101.0,108.6,106.5,2103
襄　　阳,100.4,104.1,102.9,2103
深　　圳,100.1,103.4,101.9,2103
岳　　阳,99.6,101.3,100.0,2103
南　　宁,100.6,106.1,103.6,2103
常　　德,100.3,99.0,99.3,2103
海　　口,100.3,104.1,102.9,2103
韶　　关,100.5,101.8,101.6,2103
重　　庆,100.9,106.2,103.8,2103
湛　　江,100.3,103.3,102.5,2103
成　　都,100.5,106.5,104.2,2103
惠　　州,100.2,107.9,104.0,2103
贵　　阳,100.4,103.7,103.1,2103
桂　　林,100.4,102.0,101.2,2103
昆　　明,100.8,107.5,104.6,2103
北　　海,99.9,95.6,97.0,2103
西　　安,100.9,107.8,105.3,2103
三　　亚,100.7,106.3,104.4,2103
兰　　州,100.5,106.6,104.6,2103
泸　　州,100.8,100.8,100.0,2103
西　　宁,100.5,108.2,105.6,2103
南　　充,100.5,100.8,100.1,2103
银　　川,100.5,114.1,108.0,2103
遵　　义,100.2,101.4,101.3,2103
乌鲁木齐,100.4,105.1,103.0,2103
大　　理,100.3,100.3,100.2,2103
北　　京,100.7,103.4,102.5,2102
唐　　山,99.8,109.2,103.8,2102
天　　津,100.4,102.3,101.4,2102
秦 皇 岛,99.8,103.3,100.9,2102
石 家 庄,99.8,102.7,101.2,2102
包　　头,99.7,102.5,101.2,2102
太　　原,99.9,99.2,98.7,2102
丹　　东,100.5,106.3,104.0,2102
呼和浩特,99.8,104.5,102.3,2102
锦　　州,100.5,106.9,103.8,2102
沈　　阳,100.0,105.1,102.3,2102
吉　　林,100.6,103.4,101.4,2102
大　　连,100.2,104.5,102.3,2102
牡 丹 江,99.8,97.6,98.4,2102
长　　春,99.8,102.6,100.7,2102
无　　锡,100.2,105.6,102.3,2102
哈 尔 滨,100.4,100.3,99.4,2102
徐　　州,101.2,110.3,105.8,2102
上　　海,100.5,105.0,103.0,2102
扬　　州,100.7,107.7,104.9,2102
南　　京,100.5,105.7,102.5,2102
温　　州,100.2,104.9,102.5,2102
杭　　州,100.2,104.5,101.2,2102
金　　华,100.4,106.3,104.0,2102
宁　　波,100.5,104.9,102.5,2102
蚌　　埠,100.3,105.8,103.3,2102
合　　肥,100.6,105.0,104.1,2102
安　　庆,99.6,98.5,99.8,2102
福　　州,100.3,105.1,103.2,2102
泉　　州,100.7,107.1,104.3,2102
厦　　门,100.4,105.1,103.3,2102
九　　江,100.8,103.6,102.2,2102
南　　昌,100.1,100.9,100.5,2102
赣　　州,100.6,105.1,103.4,2102
济　　南,100.4,100.2,100.1,2102
烟　　台,100.3,104.6,102.5,2102
青　　岛,100.3,103.4,102.0,2102
济　　宁,100.6,109.4,105.9,2102
郑　　州,100.5,100.3,100.2,2102
洛　　阳,100.0,102.2,101.3,2102
武　　汉,100.4,105.0,103.3,2102
平 顶 山,100.3,103.6,102.2,2102
长　　沙,101.0,105.6,103.5,2102
宜　　昌,100.4,103.3,102.1,2102
广　　州,100.9,106.9,105.5,2102
襄　　阳,100.2,103.7,102.5,2102
深　　圳,100.1,103.8,101.8,2102
岳　　阳,100.4,101.8,100.5,2102
南　　宁,100.5,105.5,103.0,2102
常　　德,100.2,98.3,99.0,2102
海　　口,100.6,103.8,102.5,2102
韶　　关,100.6,101.2,101.0,2102
重　　庆,100.4,105.7,102.9,2102
湛　　江,100.8,102.1,102.1,2102
成　　都,100.7,106.5,103.6,2102
惠　　州,100.2,107.4,103.8,2102
贵　　阳,100.4,103.2,102.7,2102
桂　　林,100.5,101.2,100.7,2102
昆　　明,100.7,106.5,103.8,2102
北　　海,99.7,95.8,97.1,2102
西　　安,100.8,107.4,104.4,2102
三　　亚,100.2,104.8,103.6,2102
兰　　州,100.7,105.6,104.0,2102
泸　　州,99.6,99.8,99.1,2102
西　　宁,100.6,109.1,105.1,2102
南　　充,100.8,100.8,99.7,2102
银　　川,100.8,114.9,107.5,2102
遵　　义,100.6,101.4,101.2,2102
乌鲁木齐,100.9,104.6,102.5,2102
大　　理,99.8,100.2,99.8,2102
北　　京,100.0,99.9,135.3,1806
唐　　山,101.2,105.1,112.8,1806
天　　津,100.3,101.2,130.4,1806
秦 皇 岛,101.1,108.0,118.4,1806
石 家 庄,100.3,103.9,127.1,1806
包　　头,101.0,108.2,108.9,1806
太　　原,100.6,106.9,116.3,1806
丹　　东,103.3,115.0,113.1,1806
呼和浩特,101.1,110.1,112.5,1806
锦　　州,100.5,104.7,101.2,1806
沈　　阳,101.4,109.8,121.5,1806
吉　　林,101.3,106.9,112.1,1806
大　　连,101.8,113.0,119.5,1806
牡 丹 江,102.1,107.8,108.4,1806
长　　春,101.6,110.2,118.9,1806
无　　锡,99.9,97.8,132.0,1806
哈 尔 滨,101.4,110.9,120.2,1806
扬　　州,100.5,105.5,124.8,1806
上　　海,100.0,99.8,144.8,1806
徐　　州,100.6,107.8,126.2,1806
南　　京,99.8,98.2,144.5,1806
温　　州,100.4,103.1,114.7,1806
杭　　州,100.6,100.3,134.1,1806
金　　华,100.3,106.3,121.9,1806
宁　　波,100.3,104.2,124.3,1806
蚌　　埠,99.7,99.2,116.6,1806
合　　肥,100.1,99.8,148.1,1806
安　　庆,101.1,103.0,114.4,1806
福　　州,102.2,99.5,128.7,1806
泉　　州,100.4,99.8,111.1,1806
厦　　门,100.0,100.7,152.9,1806
九　　江,100.6,104.4,123.8,1806
南　　昌,101.6,105.3,127.5,1806
赣　　州,100.6,101.9,118.0,1806
济　　南,103.6,103.9,127.3,1806
烟　　台,100.9,108.4,119.0,1806
青　　岛,102.4,107.0,123.7,1806
济　　宁,101.3,107.1,113.3,1806
郑　　州,101.8,103.2,134.9,1806
洛　　阳,100.2,104.7,116.1,1806
武　　汉,101.2,102.3,132.8,1806
平 顶 山,99.7,106.1,114.2,1806
长　　沙,102.0,106.3,131.9,1806
宜　　昌,101.4,105.7,119.4,1806
广　　州,101.9,101.5,141.9,1806
襄　　阳,100.7,104.2,110.4,1806
深　　圳,100.3,98.7,145.2,1806
岳　　阳,100.7,107.4,117.2,1806
南　　宁,102.0,106.7,127.2,1806
常　　德,100.5,105.4,113.2,1806
海　　口,103.9,113.1,129.8,1806
惠　　州,100.5,102.1,132.5,1806
重　　庆,101.8,107.7,124.4,1806
湛　　江,100.4,104.6,117.8,1806
成　　都,101.6,105.3,128.8,1806
韶　　关,100.7,104.4,118.9,1806
贵　　阳,101.2,110.3,121.8,1806
桂　　林,100.7,107.2,114.9,1806
昆　　明,101.9,112.1,120.8,1806
北　　海,101.3,108.0,122.5,1806
西　　安,101.1,110.4,129.1,1806
三　　亚,103.2,112.6,121.5,1806
兰　　州,101.3,106.2,113.2,1806
泸　　州,101.3,107.7,113.8,1806
西　　宁,102.7,107.5,110.7,1806
南　　充,101.2,110.5,116.8,1806
银　　川,101.4,107.1,109.2,1806
遵　　义,100.9,110.2,114.0,1806
乌鲁木齐,100.9,111.3,110.9,1806
大　　理,101.2,109.9,114.4,1806
北　　京,101.0,102.3,138.1,1812
唐　　山,100.0,113.1,122.6,1812
天　　津,100.1,101.7,130.8,1812
秦 皇 岛,101.6,117.4,131.9,1812
石 家 庄,102.5,114.9,142.2,1812
包　　头,100.0,111.4,116.3,1812
太　　原,100.9,111.2,124.4,1812
丹　　东,101.9,117.1,119.1,1812
呼和浩特,101.9,121.0,129.9,1812
锦　　州,102.3,112.6,109.8,1812
沈　　阳,100.5,112.7,129.5,1812
吉　　林,100.7,112.6,122.1,1812
大　　连,100.9,114.4,126.3,1812
牡 丹 江,100.9,111.7,116.5,1812
长　　春,101.1,111.8,125.9,1812
无　　锡,99.8,105.2,140.8,1812
哈 尔 滨,100.5,114.4,130.0,1812
扬　　州,100.4,113.4,136.0,1812
上　　海,100.6,100.4,146.4,1812
徐　　州,101.0,117.6,141.1,1812
南　　京,99.9,100.7,147.4,1812
温　　州,100.3,101.9,115.8,1812
杭　　州,101.1,105.6,140.5,1812
金　　华,99.8,104.5,124.0,1812
宁　　波,99.8,106.1,128.1,1812
蚌　　埠,100.6,107.7,126.3,1812
合　　肥,100.4,104.2,154.8,1812
安　　庆,100.5,109.0,122.9,1812
福　　州,100.3,108.5,139.2,1812
泉　　州,99.9,101.5,112.4,1812
厦　　门,99.6,99.6,151.2,1812
九　　江,100.9,109.8,131.8,1812
南　　昌,100.5,109.3,135.6,1812
赣　　州,100.9,107.5,124.9,1812
济　　南,100.7,115.9,140.9,1812
烟　　台,101.5,113.5,129.2,1812
青　　岛,101.2,113.3,133.4,1812
济　　宁,101.1,112.6,123.0,1812
郑　　州,100.3,109.4,142.3,1812
洛　　阳,101.0,111.0,126.0,1812
武　　汉,101.3,110.8,143.9,1812
平 顶 山,100.7,108.0,119.7,1812
长　　沙,100.4,111.1,140.0,1812
宜　　昌,101.1,112.9,128.4,1812
广　　州,103.0,108.3,149.3,1812
襄　　阳,101.4,114.1,122.8,1812
深　　圳,100.4,100.1,145.9,1812
岳　　阳,99.8,108.5,123.3,1812
南　　宁,101.6,108.9,134.2,1812
常　　德,101.0,110.7,123.0,1812
海　　口,101.4,122.1,137.5,1812
惠　　州,100.2,103.9,135.9,1812
重　　庆,100.8,111.6,132.1,1812
湛　　江,100.7,107.7,125.4,1812
成　　都,101.3,112.7,139.0,1812
韶　　关,99.8,105.4,122.7,1812
贵　　阳,100.6,118.8,137.5,1812
桂　　林,100.4,108.2,121.4,1812
昆　　明,100.9,116.6,132.6,1812
北　　海,100.6,111.8,131.5,1812
西　　安,101.1,122.4,148.5,1812
三　　亚,100.2,115.7,145.3,1812
兰　　州,100.9,110.8,120.9,1812
泸　　州,100.2,111.8,122.3,1812
西　　宁,101.4,112.0,119.6,1812
南　　充,100.0,114.0,125.3,1812
银　　川,100.8,109.2,114.6,1812
遵　　义,100.7,113.8,123.3,1812
乌鲁木齐,100.4,109.8,115.0,1812
大　　理,101.8,118.8,128.3,1812
北　　京,99.7,95.9,94.9,2506
唐　　山,99.3,92.9,92.6,2506
天　　津,99.8,98.2,97.9,2506
秦 皇 岛,99.4,94.2,93.3,2506
石 家 庄,99.8,96.9,96.4,2506
包　　头,99.5,94.1,93.6,2506
太　　原,100.1,101.3,101.1,2506
丹　　东,100.1,95.5,94.3,2506
呼和浩特,99.9,94.6,94.1,2506
锦　　州,99.8,96.0,95.5,2506
沈　　阳,100.1,99.0,97.5,2506
吉　　林,99.6,95.3,94.7,2506
大　　连,99.8,96.8,95.4,2506
牡 丹 江,99.8,94.8,93.5,2506
长　　春,99.7,95.9,95.9,2506
无　　锡,99.7,95.9,96.0,2506
哈 尔 滨,99.9,96.0,94.8,2506
徐　　州,99.2,95.1,94.4,2506
上　　海,100.4,106.0,105.8,2506
扬　　州,99.7,94.3,94.0,2506
南　　京,99.0,99.4,97.7,2506
温　　州,99.4,92.7,91.3,2506
杭　　州,100.2,102.1,100.0,2506
金　　华,99.8,93.6,91.7,2506
宁　　波,100.3,99.1,95.4,2506
蚌　　埠,99.8,94.7,94.1,2506
合　　肥,100.1,97.4,95.7,2506
安　　庆,99.7,95.0,94.5,2506
福　　州,99.6,94.7,93.5,2506
泉　　州,99.5,94.8,93.1,2506
厦　　门,99.5,97.5,94.5,2506
九　　江,100.1,96.7,94.0,2506
南　　昌,99.2,94.9,95.1,2506
赣　　州,99.7,96.8,95.5,2506
济　　南,99.9,95.8,94.8,2506
烟　　台,99.2,95.4,94.6,2506
青　　岛,99.8,97.9,96.2,2506
济　　宁,99.8,96.0,95.3,2506
郑　　州,99.4,96.3,95.5,2506
洛　　阳,99.9,95.1,94.4,2506
武　　汉,99.9,96.8,94.7,2506
平 顶 山,99.7,99.1,98.8,2506
长　　沙,100.4,96.9,94.9,2506
宜　　昌,100.1,97.8,96.5,2506
广　　州,99.5,94.9,93.2,2506
襄　　阳,99.5,95.3,94.6,2506
深　　圳,99.4,97.5,96.4,2506
岳　　阳,99.6,94.2,93.8,2506
南　　宁,100.1,97.9,95.3,2506
常　　德,99.6,94.6,93.4,2506
海　　口,99.1,95.3,95.9,2506
韶　　关,99.8,95.1,94.6,2506
重　　庆,99.4,97.1,95.6,2506
湛　　江,100.3,96.9,95.0,2506
成　　都,99.7,99.7,98.0,2506
惠　　州,99.9,96.0,94.7,2506
贵　　阳,99.7,95.7,95.4,2506
桂　　林,99.7,97.0,96.6,2506
昆　　明,99.2,93.0,92.3,2506
北　　海,99.6,93.5,93.8,2506
西　　安,99.5,96.3,97.6,2506
三　　亚,100.1,98.2,97.3,2506
兰　　州,99.8,94.1,92.8,2506
泸　　州,99.7,94.0,93.1,2506
西　　宁,99.8,95.5,94.8,2506
南　　充,99.4,97.3,97.1,2506
银　　川,99.9,96.9,96.1,2506
遵　　义,99.6,96.9,96.6,2506
乌鲁木齐,100.2,99.4,97.8,2506
大　　理,99.7,94.2,93.6,2506
